group_id,duplicate_type,sha256,path,status,probable_stage,notes
1,exact duplicate,c5d76a2cb4a97ecad261c66a041b97b29b8a6860a3e46b31af8338ec0ad5ad2a,00_INPUT/illite.itp,DUPLICATE,illite wall,Same SHA256 content; no deletion recommended in this round.
1,exact duplicate,c5d76a2cb4a97ecad261c66a041b97b29b8a6860a3e46b31af8338ec0ad5ad2a,ILLITE_BELOW_RAW_FINAL_KEROGEN_V31_THICKER_SAFE/00_INPUT_FORCEFIELD_COPY/illite.itp,DUPLICATE,illite wall,Same SHA256 content; no deletion recommended in this round.
1,exact duplicate,c5d76a2cb4a97ecad261c66a041b97b29b8a6860a3e46b31af8338ec0ad5ad2a,ILLITE_BELOW_RAW_FINAL_KEROGEN_V31_THICKER_SAFE/RMS_0p000/illite.itp,DUPLICATE,illite wall,Same SHA256 content; no deletion recommended in this round.
1,exact duplicate,c5d76a2cb4a97ecad261c66a041b97b29b8a6860a3e46b31af8338ec0ad5ad2a,ILLITE_BELOW_RAW_FINAL_KEROGEN_V31_THICKER_SAFE/RMS_0p300/illite.itp,DUPLICATE,illite wall,Same SHA256 content; no deletion recommended in this round.
1,exact duplicate,c5d76a2cb4a97ecad261c66a041b97b29b8a6860a3e46b31af8338ec0ad5ad2a,ILLITE_BELOW_RAW_FINAL_KEROGEN_V31_THICKER_SAFE/RMS_0p600/illite.itp,DUPLICATE,illite wall,Same SHA256 content; no deletion recommended in this round.
1,exact duplicate,c5d76a2cb4a97ecad261c66a041b97b29b8a6860a3e46b31af8338ec0ad5ad2a,ILLITE_BELOW_RAW_FINAL_KEROGEN_V31_THICKER_SAFE/RMS_0p900/illite.itp,DUPLICATE,illite wall,Same SHA256 content; no deletion recommended in this round.
2,exact duplicate,4a29f1801381cdc46818dbd4d4ba2391dd59d9086ac99aa4672c34d31cf0b48f,00_INPUT/illite.top,DUPLICATE,illite wall,Same SHA256 content; no deletion recommended in this round.
2,exact duplicate,4a29f1801381cdc46818dbd4d4ba2391dd59d9086ac99aa4672c34d31cf0b48f,ILLITE_BELOW_RAW_FINAL_KEROGEN_V31_THICKER_SAFE/00_INPUT_FORCEFIELD_COPY/illite.top,DUPLICATE,illite wall,Same SHA256 content; no deletion recommended in this round.
3,exact duplicate,a04929593780e6fcb18127d49adf9eb4e6ffa4f99ea981921c3b48edbcc6e103,00_INPUT/illite_ATP.itp,DUPLICATE,illite wall,Same SHA256 content; no deletion recommended in this round.
3,exact duplicate,a04929593780e6fcb18127d49adf9eb4e6ffa4f99ea981921c3b48edbcc6e103,ILLITE_BELOW_RAW_FINAL_KEROGEN_V31_THICKER_SAFE/00_INPUT_FORCEFIELD_COPY/illite_ATP.itp,DUPLICATE,illite wall,Same SHA256 content; no deletion recommended in this round.
4,exact duplicate,d3b8fcfdbb862300636e620710ac5b2236dcc876828693af766842f4bed71f61,00_INPUT/kero.itp,DUPLICATE,water model,Same SHA256 content; no deletion recommended in this round.
4,exact duplicate,d3b8fcfdbb862300636e620710ac5b2236dcc876828693af766842f4bed71f61,01_BULK/01_INITIAL/kero.itp,DUPLICATE,bulk density,Same SHA256 content; no deletion recommended in this round.
4,exact duplicate,d3b8fcfdbb862300636e620710ac5b2236dcc876828693af766842f4bed71f61,01_BULK/03_RUN/kero.itp,DUPLICATE,bulk density,Same SHA256 content; no deletion recommended in this round.
4,exact duplicate,d3b8fcfdbb862300636e620710ac5b2236dcc876828693af766842f4bed71f61,02_GRAPHENE_CASES/RMS_0p000/00_INITIAL/kero.itp,DUPLICATE,rough surface,Same SHA256 content; no deletion recommended in this round.
4,exact duplicate,d3b8fcfdbb862300636e620710ac5b2236dcc876828693af766842f4bed71f61,02_GRAPHENE_CASES/RMS_0p000/02_RUN/kero.itp,DUPLICATE,rough surface,Same SHA256 content; no deletion recommended in this round.
4,exact duplicate,d3b8fcfdbb862300636e620710ac5b2236dcc876828693af766842f4bed71f61,02_GRAPHENE_CASES/RMS_0p000/02_RUN/STANDARD_KEROGEN_PLATE/kero.itp,DUPLICATE,rough surface,Same SHA256 content; no deletion recommended in this round.
4,exact duplicate,d3b8fcfdbb862300636e620710ac5b2236dcc876828693af766842f4bed71f61,02_GRAPHENE_CASES/RMS_0p300/00_INITIAL/kero.itp,DUPLICATE,rough surface,Same SHA256 content; no deletion recommended in this round.
4,exact duplicate,d3b8fcfdbb862300636e620710ac5b2236dcc876828693af766842f4bed71f61,02_GRAPHENE_CASES/RMS_0p300/02_RUN/kero.itp,DUPLICATE,rough surface,Same SHA256 content; no deletion recommended in this round.
4,exact duplicate,d3b8fcfdbb862300636e620710ac5b2236dcc876828693af766842f4bed71f61,02_GRAPHENE_CASES/RMS_0p300/02_RUN/STANDARD_KEROGEN_PLATE/kero.itp,DUPLICATE,rough surface,Same SHA256 content; no deletion recommended in this round.
4,exact duplicate,d3b8fcfdbb862300636e620710ac5b2236dcc876828693af766842f4bed71f61,02_GRAPHENE_CASES/RMS_0p600/00_INITIAL/kero.itp,DUPLICATE,rough surface,Same SHA256 content; no deletion recommended in this round.
4,exact duplicate,d3b8fcfdbb862300636e620710ac5b2236dcc876828693af766842f4bed71f61,02_GRAPHENE_CASES/RMS_0p600/02_RUN/kero.itp,DUPLICATE,rough surface,Same SHA256 content; no deletion recommended in this round.
4,exact duplicate,d3b8fcfdbb862300636e620710ac5b2236dcc876828693af766842f4bed71f61,02_GRAPHENE_CASES/RMS_0p600/02_RUN/STANDARD_KEROGEN_PLATE/kero.itp,DUPLICATE,rough surface,Same SHA256 content; no deletion recommended in this round.
4,exact duplicate,d3b8fcfdbb862300636e620710ac5b2236dcc876828693af766842f4bed71f61,02_GRAPHENE_CASES/RMS_0p900/00_INITIAL/kero.itp,DUPLICATE,rough surface,Same SHA256 content; no deletion recommended in this round.
4,exact duplicate,d3b8fcfdbb862300636e620710ac5b2236dcc876828693af766842f4bed71f61,02_GRAPHENE_CASES/RMS_0p900/02_RUN/kero.itp,DUPLICATE,rough surface,Same SHA256 content; no deletion recommended in this round.
4,exact duplicate,d3b8fcfdbb862300636e620710ac5b2236dcc876828693af766842f4bed71f61,02_GRAPHENE_CASES/RMS_0p900/02_RUN/STANDARD_KEROGEN_PLATE/kero.itp,DUPLICATE,rough surface,Same SHA256 content; no deletion recommended in this round.
4,exact duplicate,d3b8fcfdbb862300636e620710ac5b2236dcc876828693af766842f4bed71f61,ILLITE_BELOW_RAW_FINAL_KEROGEN_V31_THICKER_SAFE/00_INPUT_FORCEFIELD_COPY/kero.itp,DUPLICATE,illite wall,Same SHA256 content; no deletion recommended in this round.
4,exact duplicate,d3b8fcfdbb862300636e620710ac5b2236dcc876828693af766842f4bed71f61,KEROGEN_ONLY_FINALS/kero.itp,DUPLICATE,RAW kerogen extraction,Same SHA256 content; no deletion recommended in this round.
5,exact duplicate,37744175bffa1d1a8eb5047386445a7980a4804a0ac9f1b1eb7d2613c82d74a7,00_INPUT/kero.top,DUPLICATE,unclassified,Same SHA256 content; no deletion recommended in this round.
5,exact duplicate,37744175bffa1d1a8eb5047386445a7980a4804a0ac9f1b1eb7d2613c82d74a7,ILLITE_BELOW_RAW_FINAL_KEROGEN_V31_THICKER_SAFE/00_INPUT_FORCEFIELD_COPY/kero.top,DUPLICATE,illite wall,Same SHA256 content; no deletion recommended in this round.
5,exact duplicate,37744175bffa1d1a8eb5047386445a7980a4804a0ac9f1b1eb7d2613c82d74a7,KEROGEN_ONLY_FINALS/kero.top,DUPLICATE,RAW kerogen extraction,Same SHA256 content; no deletion recommended in this round.
6,exact duplicate,9e4250fd9a062de7ceb95ed2233e1dab48bd37d8a925933e27d56053171eb2c5,00_INPUT/kero_ATP.itp,DUPLICATE,unclassified,Same SHA256 content; no deletion recommended in this round.
6,exact duplicate,9e4250fd9a062de7ceb95ed2233e1dab48bd37d8a925933e27d56053171eb2c5,01_BULK/01_INITIAL/kero_ATP.itp,DUPLICATE,bulk density,Same SHA256 content; no deletion recommended in this round.
6,exact duplicate,9e4250fd9a062de7ceb95ed2233e1dab48bd37d8a925933e27d56053171eb2c5,01_BULK/03_RUN/kero_ATP.itp,DUPLICATE,bulk density,Same SHA256 content; no deletion recommended in this round.
6,exact duplicate,9e4250fd9a062de7ceb95ed2233e1dab48bd37d8a925933e27d56053171eb2c5,02_GRAPHENE_CASES/RMS_0p000/00_INITIAL/kero_ATP.itp,DUPLICATE,rough surface,Same SHA256 content; no deletion recommended in this round.
6,exact duplicate,9e4250fd9a062de7ceb95ed2233e1dab48bd37d8a925933e27d56053171eb2c5,02_GRAPHENE_CASES/RMS_0p000/02_RUN/kero_ATP.itp,DUPLICATE,rough surface,Same SHA256 content; no deletion recommended in this round.
6,exact duplicate,9e4250fd9a062de7ceb95ed2233e1dab48bd37d8a925933e27d56053171eb2c5,02_GRAPHENE_CASES/RMS_0p000/02_RUN/STANDARD_KEROGEN_PLATE/kero_ATP.itp,DUPLICATE,rough surface,Same SHA256 content; no deletion recommended in this round.
6,exact duplicate,9e4250fd9a062de7ceb95ed2233e1dab48bd37d8a925933e27d56053171eb2c5,02_GRAPHENE_CASES/RMS_0p300/00_INITIAL/kero_ATP.itp,DUPLICATE,rough surface,Same SHA256 content; no deletion recommended in this round.
6,exact duplicate,9e4250fd9a062de7ceb95ed2233e1dab48bd37d8a925933e27d56053171eb2c5,02_GRAPHENE_CASES/RMS_0p300/02_RUN/kero_ATP.itp,DUPLICATE,rough surface,Same SHA256 content; no deletion recommended in this round.
6,exact duplicate,9e4250fd9a062de7ceb95ed2233e1dab48bd37d8a925933e27d56053171eb2c5,02_GRAPHENE_CASES/RMS_0p300/02_RUN/STANDARD_KEROGEN_PLATE/kero_ATP.itp,DUPLICATE,rough surface,Same SHA256 content; no deletion recommended in this round.
6,exact duplicate,9e4250fd9a062de7ceb95ed2233e1dab48bd37d8a925933e27d56053171eb2c5,02_GRAPHENE_CASES/RMS_0p600/00_INITIAL/kero_ATP.itp,DUPLICATE,rough surface,Same SHA256 content; no deletion recommended in this round.
6,exact duplicate,9e4250fd9a062de7ceb95ed2233e1dab48bd37d8a925933e27d56053171eb2c5,02_GRAPHENE_CASES/RMS_0p600/02_RUN/kero_ATP.itp,DUPLICATE,rough surface,Same SHA256 content; no deletion recommended in this round.
6,exact duplicate,9e4250fd9a062de7ceb95ed2233e1dab48bd37d8a925933e27d56053171eb2c5,02_GRAPHENE_CASES/RMS_0p600/02_RUN/STANDARD_KEROGEN_PLATE/kero_ATP.itp,DUPLICATE,rough surface,Same SHA256 content; no deletion recommended in this round.
6,exact duplicate,9e4250fd9a062de7ceb95ed2233e1dab48bd37d8a925933e27d56053171eb2c5,02_GRAPHENE_CASES/RMS_0p900/00_INITIAL/kero_ATP.itp,DUPLICATE,rough surface,Same SHA256 content; no deletion recommended in this round.
6,exact duplicate,9e4250fd9a062de7ceb95ed2233e1dab48bd37d8a925933e27d56053171eb2c5,02_GRAPHENE_CASES/RMS_0p900/02_RUN/kero_ATP.itp,DUPLICATE,rough surface,Same SHA256 content; no deletion recommended in this round.
6,exact duplicate,9e4250fd9a062de7ceb95ed2233e1dab48bd37d8a925933e27d56053171eb2c5,02_GRAPHENE_CASES/RMS_0p900/02_RUN/STANDARD_KEROGEN_PLATE/kero_ATP.itp,DUPLICATE,rough surface,Same SHA256 content; no deletion recommended in this round.
6,exact duplicate,9e4250fd9a062de7ceb95ed2233e1dab48bd37d8a925933e27d56053171eb2c5,ILLITE_BELOW_RAW_FINAL_KEROGEN_V31_THICKER_SAFE/00_INPUT_FORCEFIELD_COPY/kero_ATP.itp,DUPLICATE,illite wall,Same SHA256 content; no deletion recommended in this round.
6,exact duplicate,9e4250fd9a062de7ceb95ed2233e1dab48bd37d8a925933e27d56053171eb2c5,KEROGEN_ONLY_FINALS/kero_ATP.itp,DUPLICATE,RAW kerogen extraction,Same SHA256 content; no deletion recommended in this round.
7,exact duplicate,02391cfc357042ac5f4abd587e027e7a12642492469b59817017f2c9ba244625,00_INPUT/PUT_kero_ATP.itp_HERE.txt,DUPLICATE,unclassified,Same SHA256 content; no deletion recommended in this round.
7,exact duplicate,02391cfc357042ac5f4abd587e027e7a12642492469b59817017f2c9ba244625,ILLITE_BELOW_RAW_FINAL_KEROGEN_V31_THICKER_SAFE/00_INPUT_FORCEFIELD_COPY/PUT_kero_ATP.itp_HERE.txt,DUPLICATE,illite wall,Same SHA256 content; no deletion recommended in this round.
8,exact duplicate,f8012bac060865651c7b913a67a2ce0bb215234cbda74aae0ed0dc6ce167a8a3,01_BULK/01_INITIAL/topol.top,DUPLICATE,bulk density,Same SHA256 content; no deletion recommended in this round.
8,exact duplicate,f8012bac060865651c7b913a67a2ce0bb215234cbda74aae0ed0dc6ce167a8a3,01_BULK/03_RUN/topol.top,DUPLICATE,bulk density,Same SHA256 content; no deletion recommended in this round.
9,exact duplicate,4febe1c517f03ad61b7166195829d734f3cda12a479eea920fd7e01bbf1bef7e,01_BULK/02_MDP/02_npt_compress_001_100MPa.mdp,DUPLICATE,bulk density,Same SHA256 content; no deletion recommended in this round.
9,exact duplicate,4febe1c517f03ad61b7166195829d734f3cda12a479eea920fd7e01bbf1bef7e,01_BULK/02_MDP/02_npt_compress_002_100MPa.mdp,DUPLICATE,bulk density,Same SHA256 content; no deletion recommended in this round.
9,exact duplicate,4febe1c517f03ad61b7166195829d734f3cda12a479eea920fd7e01bbf1bef7e,01_BULK/02_MDP/02_npt_compress_003_100MPa.mdp,DUPLICATE,bulk density,Same SHA256 content; no deletion recommended in this round.
9,exact duplicate,4febe1c517f03ad61b7166195829d734f3cda12a479eea920fd7e01bbf1bef7e,01_BULK/02_MDP/02_npt_compress_004_100MPa.mdp,DUPLICATE,bulk density,Same SHA256 content; no deletion recommended in this round.
9,exact duplicate,4febe1c517f03ad61b7166195829d734f3cda12a479eea920fd7e01bbf1bef7e,01_BULK/02_MDP/02_npt_compress_005_100MPa.mdp,DUPLICATE,bulk density,Same SHA256 content; no deletion recommended in this round.
9,exact duplicate,4febe1c517f03ad61b7166195829d734f3cda12a479eea920fd7e01bbf1bef7e,01_BULK/02_MDP/02_npt_compress_006_100MPa.mdp,DUPLICATE,bulk density,Same SHA256 content; no deletion recommended in this round.
9,exact duplicate,4febe1c517f03ad61b7166195829d734f3cda12a479eea920fd7e01bbf1bef7e,01_BULK/02_MDP/02_npt_compress_007_100MPa.mdp,DUPLICATE,bulk density,Same SHA256 content; no deletion recommended in this round.
10,exact duplicate,c25451845d5ccf6d5f503c93691e39c47643c5ed3dc2632cb2146e7417db15c6,01_BULK/02_MDP/02_npt_compress_008_60MPa.mdp,DUPLICATE,bulk density,Same SHA256 content; no deletion recommended in this round.
10,exact duplicate,c25451845d5ccf6d5f503c93691e39c47643c5ed3dc2632cb2146e7417db15c6,01_BULK/02_MDP/02_npt_compress_009_60MPa.mdp,DUPLICATE,bulk density,Same SHA256 content; no deletion recommended in this round.
10,exact duplicate,c25451845d5ccf6d5f503c93691e39c47643c5ed3dc2632cb2146e7417db15c6,01_BULK/02_MDP/02_npt_compress_010_60MPa.mdp,DUPLICATE,bulk density,Same SHA256 content; no deletion recommended in this round.
10,exact duplicate,c25451845d5ccf6d5f503c93691e39c47643c5ed3dc2632cb2146e7417db15c6,01_BULK/02_MDP/02_npt_compress_011_60MPa.mdp,DUPLICATE,bulk density,Same SHA256 content; no deletion recommended in this round.
10,exact duplicate,c25451845d5ccf6d5f503c93691e39c47643c5ed3dc2632cb2146e7417db15c6,01_BULK/02_MDP/02_npt_compress_012_60MPa.mdp,DUPLICATE,bulk density,Same SHA256 content; no deletion recommended in this round.
10,exact duplicate,c25451845d5ccf6d5f503c93691e39c47643c5ed3dc2632cb2146e7417db15c6,01_BULK/02_MDP/02_npt_compress_013_60MPa.mdp,DUPLICATE,bulk density,Same SHA256 content; no deletion recommended in this round.
10,exact duplicate,c25451845d5ccf6d5f503c93691e39c47643c5ed3dc2632cb2146e7417db15c6,01_BULK/02_MDP/02_npt_compress_014_60MPa.mdp,DUPLICATE,bulk density,Same SHA256 content; no deletion recommended in this round.
11,exact duplicate,20e34363ba16f37d6b4c8797bf63acec3d73515101a82b3ddab4f37bc2406fb1,01_BULK/02_MDP/02_npt_compress_015_40MPa.mdp,DUPLICATE,bulk density,Same SHA256 content; no deletion recommended in this round.
11,exact duplicate,20e34363ba16f37d6b4c8797bf63acec3d73515101a82b3ddab4f37bc2406fb1,01_BULK/02_MDP/02_npt_compress_016_40MPa.mdp,DUPLICATE,bulk density,Same SHA256 content; no deletion recommended in this round.
11,exact duplicate,20e34363ba16f37d6b4c8797bf63acec3d73515101a82b3ddab4f37bc2406fb1,01_BULK/02_MDP/02_npt_compress_017_40MPa.mdp,DUPLICATE,bulk density,Same SHA256 content; no deletion recommended in this round.
11,exact duplicate,20e34363ba16f37d6b4c8797bf63acec3d73515101a82b3ddab4f37bc2406fb1,01_BULK/02_MDP/02_npt_compress_018_40MPa.mdp,DUPLICATE,bulk density,Same SHA256 content; no deletion recommended in this round.
11,exact duplicate,20e34363ba16f37d6b4c8797bf63acec3d73515101a82b3ddab4f37bc2406fb1,01_BULK/02_MDP/02_npt_compress_019_40MPa.mdp,DUPLICATE,bulk density,Same SHA256 content; no deletion recommended in this round.
11,exact duplicate,20e34363ba16f37d6b4c8797bf63acec3d73515101a82b3ddab4f37bc2406fb1,01_BULK/02_MDP/02_npt_compress_020_40MPa.mdp,DUPLICATE,bulk density,Same SHA256 content; no deletion recommended in this round.
11,exact duplicate,20e34363ba16f37d6b4c8797bf63acec3d73515101a82b3ddab4f37bc2406fb1,01_BULK/02_MDP/02_npt_compress_021_40MPa.mdp,DUPLICATE,bulk density,Same SHA256 content; no deletion recommended in this round.
11,exact duplicate,20e34363ba16f37d6b4c8797bf63acec3d73515101a82b3ddab4f37bc2406fb1,01_BULK/02_MDP/02_npt_compress_022_40MPa.mdp,DUPLICATE,bulk density,Same SHA256 content; no deletion recommended in this round.
12,exact duplicate,4d260a7973eb9277752f5c6cca4c1e4cb61f9fb2c013e8fb106107a598458c80,01_BULK/02_MDP/02_npt_compress_023_25MPa.mdp,DUPLICATE,bulk density,Same SHA256 content; no deletion recommended in this round.
12,exact duplicate,4d260a7973eb9277752f5c6cca4c1e4cb61f9fb2c013e8fb106107a598458c80,01_BULK/02_MDP/02_npt_compress_024_25MPa.mdp,DUPLICATE,bulk density,Same SHA256 content; no deletion recommended in this round.
12,exact duplicate,4d260a7973eb9277752f5c6cca4c1e4cb61f9fb2c013e8fb106107a598458c80,01_BULK/02_MDP/02_npt_compress_025_25MPa.mdp,DUPLICATE,bulk density,Same SHA256 content; no deletion recommended in this round.
12,exact duplicate,4d260a7973eb9277752f5c6cca4c1e4cb61f9fb2c013e8fb106107a598458c80,01_BULK/02_MDP/02_npt_compress_026_25MPa.mdp,DUPLICATE,bulk density,Same SHA256 content; no deletion recommended in this round.
12,exact duplicate,4d260a7973eb9277752f5c6cca4c1e4cb61f9fb2c013e8fb106107a598458c80,01_BULK/02_MDP/02_npt_compress_027_25MPa.mdp,DUPLICATE,bulk density,Same SHA256 content; no deletion recommended in this round.
12,exact duplicate,4d260a7973eb9277752f5c6cca4c1e4cb61f9fb2c013e8fb106107a598458c80,01_BULK/02_MDP/02_npt_compress_028_25MPa.mdp,DUPLICATE,bulk density,Same SHA256 content; no deletion recommended in this round.
13,exact duplicate,ee90311ebca138631cd83f6ad8062ea2581ca71b96de6f8a297febaba9684c6a,01_BULK/02_MDP/02_npt_compress_029_15MPa.mdp,DUPLICATE,bulk density,Same SHA256 content; no deletion recommended in this round.
13,exact duplicate,ee90311ebca138631cd83f6ad8062ea2581ca71b96de6f8a297febaba9684c6a,01_BULK/02_MDP/02_npt_compress_030_15MPa.mdp,DUPLICATE,bulk density,Same SHA256 content; no deletion recommended in this round.
13,exact duplicate,ee90311ebca138631cd83f6ad8062ea2581ca71b96de6f8a297febaba9684c6a,01_BULK/02_MDP/02_npt_compress_031_15MPa.mdp,DUPLICATE,bulk density,Same SHA256 content; no deletion recommended in this round.
13,exact duplicate,ee90311ebca138631cd83f6ad8062ea2581ca71b96de6f8a297febaba9684c6a,01_BULK/02_MDP/02_npt_compress_032_15MPa.mdp,DUPLICATE,bulk density,Same SHA256 content; no deletion recommended in this round.
13,exact duplicate,ee90311ebca138631cd83f6ad8062ea2581ca71b96de6f8a297febaba9684c6a,01_BULK/02_MDP/02_npt_compress_033_15MPa.mdp,DUPLICATE,bulk density,Same SHA256 content; no deletion recommended in this round.
14,exact duplicate,7d3e6dbacd576a47b2632d13bcff11b868b126d704d4bc7f417d28e49731d1c8,01_BULK/02_MDP/02_npt_compress_034_10MPa.mdp,DUPLICATE,bulk density,Same SHA256 content; no deletion recommended in this round.
14,exact duplicate,7d3e6dbacd576a47b2632d13bcff11b868b126d704d4bc7f417d28e49731d1c8,01_BULK/02_MDP/02_npt_compress_035_10MPa.mdp,DUPLICATE,bulk density,Same SHA256 content; no deletion recommended in this round.
14,exact duplicate,7d3e6dbacd576a47b2632d13bcff11b868b126d704d4bc7f417d28e49731d1c8,01_BULK/02_MDP/02_npt_compress_036_10MPa.mdp,DUPLICATE,bulk density,Same SHA256 content; no deletion recommended in this round.
14,exact duplicate,7d3e6dbacd576a47b2632d13bcff11b868b126d704d4bc7f417d28e49731d1c8,01_BULK/02_MDP/02_npt_compress_037_10MPa.mdp,DUPLICATE,bulk density,Same SHA256 content; no deletion recommended in this round.
15,exact duplicate,0f2f2ecc305a0ab22cd6f752d5ef3f184fa4b7be93fbe0df79fa21f2f3a055ad,01_BULK/02_MDP/02_npt_compress_038_5MPa.mdp,DUPLICATE,bulk density,Same SHA256 content; no deletion recommended in this round.
15,exact duplicate,0f2f2ecc305a0ab22cd6f752d5ef3f184fa4b7be93fbe0df79fa21f2f3a055ad,01_BULK/02_MDP/02_npt_compress_039_5MPa.mdp,DUPLICATE,bulk density,Same SHA256 content; no deletion recommended in this round.
15,exact duplicate,0f2f2ecc305a0ab22cd6f752d5ef3f184fa4b7be93fbe0df79fa21f2f3a055ad,01_BULK/02_MDP/02_npt_compress_040_5MPa.mdp,DUPLICATE,bulk density,Same SHA256 content; no deletion recommended in this round.
16,exact duplicate,c9327eb4a5edd05158950b2d79b4c8fa31a639c630ec2e2abb6b59e59506c008,01_BULK/02_MDP/02_npt_compress_041_2MPa.mdp,DUPLICATE,bulk density,Same SHA256 content; no deletion recommended in this round.
16,exact duplicate,c9327eb4a5edd05158950b2d79b4c8fa31a639c630ec2e2abb6b59e59506c008,01_BULK/02_MDP/02_npt_compress_042_2MPa.mdp,DUPLICATE,bulk density,Same SHA256 content; no deletion recommended in this round.
17,exact duplicate,35070a59ceb37497259f6eb1e30568a7b12f41ff33de69cdd1816d764bd2388b,02_GRAPHENE_CASES/RMS_0p000/00_INITIAL/GBOT.itp,DUPLICATE,rough surface,Same SHA256 content; no deletion recommended in this round.
17,exact duplicate,35070a59ceb37497259f6eb1e30568a7b12f41ff33de69cdd1816d764bd2388b,02_GRAPHENE_CASES/RMS_0p000/02_RUN/GBOT.itp,DUPLICATE,rough surface,Same SHA256 content; no deletion recommended in this round.
17,exact duplicate,35070a59ceb37497259f6eb1e30568a7b12f41ff33de69cdd1816d764bd2388b,02_GRAPHENE_CASES/RMS_0p300/00_INITIAL/GBOT.itp,DUPLICATE,rough surface,Same SHA256 content; no deletion recommended in this round.
17,exact duplicate,35070a59ceb37497259f6eb1e30568a7b12f41ff33de69cdd1816d764bd2388b,02_GRAPHENE_CASES/RMS_0p300/02_RUN/GBOT.itp,DUPLICATE,rough surface,Same SHA256 content; no deletion recommended in this round.
17,exact duplicate,35070a59ceb37497259f6eb1e30568a7b12f41ff33de69cdd1816d764bd2388b,02_GRAPHENE_CASES/RMS_0p600/00_INITIAL/GBOT.itp,DUPLICATE,rough surface,Same SHA256 content; no deletion recommended in this round.
17,exact duplicate,35070a59ceb37497259f6eb1e30568a7b12f41ff33de69cdd1816d764bd2388b,02_GRAPHENE_CASES/RMS_0p600/02_RUN/GBOT.itp,DUPLICATE,rough surface,Same SHA256 content; no deletion recommended in this round.
17,exact duplicate,35070a59ceb37497259f6eb1e30568a7b12f41ff33de69cdd1816d764bd2388b,02_GRAPHENE_CASES/RMS_0p900/00_INITIAL/GBOT.itp,DUPLICATE,rough surface,Same SHA256 content; no deletion recommended in this round.
17,exact duplicate,35070a59ceb37497259f6eb1e30568a7b12f41ff33de69cdd1816d764bd2388b,02_GRAPHENE_CASES/RMS_0p900/02_RUN/GBOT.itp,DUPLICATE,rough surface,Same SHA256 content; no deletion recommended in this round.
18,exact duplicate,b47374af5bd49ba3598ba728c614139eb4712e24b08d9ff185395050617db6c0,02_GRAPHENE_CASES/RMS_0p000/00_INITIAL/GBOT_posre_fixed.itp,DUPLICATE,rough surface,Same SHA256 content; no deletion recommended in this round.
18,exact duplicate,b47374af5bd49ba3598ba728c614139eb4712e24b08d9ff185395050617db6c0,02_GRAPHENE_CASES/RMS_0p000/02_RUN/GBOT_posre_fixed.itp,DUPLICATE,rough surface,Same SHA256 content; no deletion recommended in this round.
18,exact duplicate,b47374af5bd49ba3598ba728c614139eb4712e24b08d9ff185395050617db6c0,02_GRAPHENE_CASES/RMS_0p300/00_INITIAL/GBOT_posre_fixed.itp,DUPLICATE,rough surface,Same SHA256 content; no deletion recommended in this round.
18,exact duplicate,b47374af5bd49ba3598ba728c614139eb4712e24b08d9ff185395050617db6c0,02_GRAPHENE_CASES/RMS_0p300/02_RUN/GBOT_posre_fixed.itp,DUPLICATE,rough surface,Same SHA256 content; no deletion recommended in this round.
18,exact duplicate,b47374af5bd49ba3598ba728c614139eb4712e24b08d9ff185395050617db6c0,02_GRAPHENE_CASES/RMS_0p600/00_INITIAL/GBOT_posre_fixed.itp,DUPLICATE,rough surface,Same SHA256 content; no deletion recommended in this round.
18,exact duplicate,b47374af5bd49ba3598ba728c614139eb4712e24b08d9ff185395050617db6c0,02_GRAPHENE_CASES/RMS_0p600/02_RUN/GBOT_posre_fixed.itp,DUPLICATE,rough surface,Same SHA256 content; no deletion recommended in this round.
18,exact duplicate,b47374af5bd49ba3598ba728c614139eb4712e24b08d9ff185395050617db6c0,02_GRAPHENE_CASES/RMS_0p900/00_INITIAL/GBOT_posre_fixed.itp,DUPLICATE,rough surface,Same SHA256 content; no deletion recommended in this round.
18,exact duplicate,b47374af5bd49ba3598ba728c614139eb4712e24b08d9ff185395050617db6c0,02_GRAPHENE_CASES/RMS_0p900/02_RUN/GBOT_posre_fixed.itp,DUPLICATE,rough surface,Same SHA256 content; no deletion recommended in this round.
19,exact duplicate,a8a0c548449da77448c4e66e51a1ad3e4cec318393099fcbe2ed252b399ff929,02_GRAPHENE_CASES/RMS_0p000/00_INITIAL/GTOP.itp,DUPLICATE,rough surface,Same SHA256 content; no deletion recommended in this round.
19,exact duplicate,a8a0c548449da77448c4e66e51a1ad3e4cec318393099fcbe2ed252b399ff929,02_GRAPHENE_CASES/RMS_0p000/02_RUN/GTOP.itp,DUPLICATE,rough surface,Same SHA256 content; no deletion recommended in this round.
20,exact duplicate,fcabde958174582289544df86a156624628409500b7535dedff2360c83813420,02_GRAPHENE_CASES/RMS_0p000/00_INITIAL/GTOP_posre_full.itp,DUPLICATE,rough surface,Same SHA256 content; no deletion recommended in this round.
20,exact duplicate,fcabde958174582289544df86a156624628409500b7535dedff2360c83813420,02_GRAPHENE_CASES/RMS_0p000/02_RUN/GTOP_posre_full.itp,DUPLICATE,rough surface,Same SHA256 content; no deletion recommended in this round.
20,exact duplicate,fcabde958174582289544df86a156624628409500b7535dedff2360c83813420,02_GRAPHENE_CASES/RMS_0p300/00_INITIAL/GTOP_posre_full.itp,DUPLICATE,rough surface,Same SHA256 content; no deletion recommended in this round.
20,exact duplicate,fcabde958174582289544df86a156624628409500b7535dedff2360c83813420,02_GRAPHENE_CASES/RMS_0p300/02_RUN/GTOP_posre_full.itp,DUPLICATE,rough surface,Same SHA256 content; no deletion recommended in this round.
20,exact duplicate,fcabde958174582289544df86a156624628409500b7535dedff2360c83813420,02_GRAPHENE_CASES/RMS_0p600/00_INITIAL/GTOP_posre_full.itp,DUPLICATE,rough surface,Same SHA256 content; no deletion recommended in this round.
20,exact duplicate,fcabde958174582289544df86a156624628409500b7535dedff2360c83813420,02_GRAPHENE_CASES/RMS_0p600/02_RUN/GTOP_posre_full.itp,DUPLICATE,rough surface,Same SHA256 content; no deletion recommended in this round.
20,exact duplicate,fcabde958174582289544df86a156624628409500b7535dedff2360c83813420,02_GRAPHENE_CASES/RMS_0p900/00_INITIAL/GTOP_posre_full.itp,DUPLICATE,rough surface,Same SHA256 content; no deletion recommended in this round.
20,exact duplicate,fcabde958174582289544df86a156624628409500b7535dedff2360c83813420,02_GRAPHENE_CASES/RMS_0p900/02_RUN/GTOP_posre_full.itp,DUPLICATE,rough surface,Same SHA256 content; no deletion recommended in this round.
21,exact duplicate,5e75a09430ec6b39ee0f37751417b5b810160af3f86f744171a5383bb4f2f62c,02_GRAPHENE_CASES/RMS_0p000/00_INITIAL/GTOP_posre_pull.itp,DUPLICATE,rough surface,Same SHA256 content; no deletion recommended in this round.
21,exact duplicate,5e75a09430ec6b39ee0f37751417b5b810160af3f86f744171a5383bb4f2f62c,02_GRAPHENE_CASES/RMS_0p000/02_RUN/GTOP_posre_pull.itp,DUPLICATE,rough surface,Same SHA256 content; no deletion recommended in this round.
21,exact duplicate,5e75a09430ec6b39ee0f37751417b5b810160af3f86f744171a5383bb4f2f62c,02_GRAPHENE_CASES/RMS_0p300/00_INITIAL/GTOP_posre_pull.itp,DUPLICATE,rough surface,Same SHA256 content; no deletion recommended in this round.
21,exact duplicate,5e75a09430ec6b39ee0f37751417b5b810160af3f86f744171a5383bb4f2f62c,02_GRAPHENE_CASES/RMS_0p300/02_RUN/GTOP_posre_pull.itp,DUPLICATE,rough surface,Same SHA256 content; no deletion recommended in this round.
21,exact duplicate,5e75a09430ec6b39ee0f37751417b5b810160af3f86f744171a5383bb4f2f62c,02_GRAPHENE_CASES/RMS_0p600/00_INITIAL/GTOP_posre_pull.itp,DUPLICATE,rough surface,Same SHA256 content; no deletion recommended in this round.
21,exact duplicate,5e75a09430ec6b39ee0f37751417b5b810160af3f86f744171a5383bb4f2f62c,02_GRAPHENE_CASES/RMS_0p600/02_RUN/GTOP_posre_pull.itp,DUPLICATE,rough surface,Same SHA256 content; no deletion recommended in this round.
21,exact duplicate,5e75a09430ec6b39ee0f37751417b5b810160af3f86f744171a5383bb4f2f62c,02_GRAPHENE_CASES/RMS_0p900/00_INITIAL/GTOP_posre_pull.itp,DUPLICATE,rough surface,Same SHA256 content; no deletion recommended in this round.
21,exact duplicate,5e75a09430ec6b39ee0f37751417b5b810160af3f86f744171a5383bb4f2f62c,02_GRAPHENE_CASES/RMS_0p900/02_RUN/GTOP_posre_pull.itp,DUPLICATE,rough surface,Same SHA256 content; no deletion recommended in this round.
22,exact duplicate,507e74efe8d817074e649385265f5a740cdade11d1a67b428f0f8ecd99a385c5,02_GRAPHENE_CASES/RMS_0p000/00_INITIAL/GXMN.itp,DUPLICATE,rough surface,Same SHA256 content; no deletion recommended in this round.
22,exact duplicate,507e74efe8d817074e649385265f5a740cdade11d1a67b428f0f8ecd99a385c5,02_GRAPHENE_CASES/RMS_0p000/02_RUN/GXMN.itp,DUPLICATE,rough surface,Same SHA256 content; no deletion recommended in this round.
23,exact duplicate,e571ee5febf1450e96bc33c1d61015da7d7b560d328b5800c9b3fd3419326461,02_GRAPHENE_CASES/RMS_0p000/00_INITIAL/GXMN_posre_fixed.itp,DUPLICATE,rough surface,Same SHA256 content; no deletion recommended in this round.
23,exact duplicate,e571ee5febf1450e96bc33c1d61015da7d7b560d328b5800c9b3fd3419326461,02_GRAPHENE_CASES/RMS_0p000/00_INITIAL/GXMX_posre_fixed.itp,DUPLICATE,rough surface,Same SHA256 content; no deletion recommended in this round.
23,exact duplicate,e571ee5febf1450e96bc33c1d61015da7d7b560d328b5800c9b3fd3419326461,02_GRAPHENE_CASES/RMS_0p000/02_RUN/GXMN_posre_fixed.itp,DUPLICATE,rough surface,Same SHA256 content; no deletion recommended in this round.
23,exact duplicate,e571ee5febf1450e96bc33c1d61015da7d7b560d328b5800c9b3fd3419326461,02_GRAPHENE_CASES/RMS_0p000/02_RUN/GXMX_posre_fixed.itp,DUPLICATE,rough surface,Same SHA256 content; no deletion recommended in this round.
24,exact duplicate,3677ca80f9a9b7d417ed253d7fc29340e6af099f8cfc05c14f515f183f9fba6c,02_GRAPHENE_CASES/RMS_0p000/00_INITIAL/GXMX.itp,DUPLICATE,rough surface,Same SHA256 content; no deletion recommended in this round.
24,exact duplicate,3677ca80f9a9b7d417ed253d7fc29340e6af099f8cfc05c14f515f183f9fba6c,02_GRAPHENE_CASES/RMS_0p000/02_RUN/GXMX.itp,DUPLICATE,rough surface,Same SHA256 content; no deletion recommended in this round.
25,exact duplicate,0c0134d55b11cd10fb9a9c1bfe928e49eb64c6d380e4ade3290125481d7b307f,02_GRAPHENE_CASES/RMS_0p000/00_INITIAL/GYMN.itp,DUPLICATE,rough surface,Same SHA256 content; no deletion recommended in this round.
25,exact duplicate,0c0134d55b11cd10fb9a9c1bfe928e49eb64c6d380e4ade3290125481d7b307f,02_GRAPHENE_CASES/RMS_0p000/02_RUN/GYMN.itp,DUPLICATE,rough surface,Same SHA256 content; no deletion recommended in this round.
26,exact duplicate,b0dc3ac1905c9ef31f3380703a21f7f959cae1df571888e482ed0ec13040e264,02_GRAPHENE_CASES/RMS_0p000/00_INITIAL/GYMN_posre_fixed.itp,DUPLICATE,rough surface,Same SHA256 content; no deletion recommended in this round.
26,exact duplicate,b0dc3ac1905c9ef31f3380703a21f7f959cae1df571888e482ed0ec13040e264,02_GRAPHENE_CASES/RMS_0p000/00_INITIAL/GYMX_posre_fixed.itp,DUPLICATE,rough surface,Same SHA256 content; no deletion recommended in this round.
26,exact duplicate,b0dc3ac1905c9ef31f3380703a21f7f959cae1df571888e482ed0ec13040e264,02_GRAPHENE_CASES/RMS_0p000/02_RUN/GYMN_posre_fixed.itp,DUPLICATE,rough surface,Same SHA256 content; no deletion recommended in this round.
26,exact duplicate,b0dc3ac1905c9ef31f3380703a21f7f959cae1df571888e482ed0ec13040e264,02_GRAPHENE_CASES/RMS_0p000/02_RUN/GYMX_posre_fixed.itp,DUPLICATE,rough surface,Same SHA256 content; no deletion recommended in this round.
27,exact duplicate,a90ddeae6ab5203b90ee77fbaa4541366fc5ebde3ecc31fc29daac21d544f0df,02_GRAPHENE_CASES/RMS_0p000/00_INITIAL/GYMX.itp,DUPLICATE,rough surface,Same SHA256 content; no deletion recommended in this round.
27,exact duplicate,a90ddeae6ab5203b90ee77fbaa4541366fc5ebde3ecc31fc29daac21d544f0df,02_GRAPHENE_CASES/RMS_0p000/02_RUN/GYMX.itp,DUPLICATE,rough surface,Same SHA256 content; no deletion recommended in this round.
28,exact duplicate,1aa8e7cd0de1aae8f3fa9b0a2d8d78afb43af6138a7d5275e50d937b8cdbbed5,02_GRAPHENE_CASES/RMS_0p000/00_INITIAL/topol.top,DUPLICATE,rough surface,Same SHA256 content; no deletion recommended in this round.
28,exact duplicate,1aa8e7cd0de1aae8f3fa9b0a2d8d78afb43af6138a7d5275e50d937b8cdbbed5,02_GRAPHENE_CASES/RMS_0p000/02_RUN/topol.top,DUPLICATE,rough surface,Same SHA256 content; no deletion recommended in this round.
28,exact duplicate,1aa8e7cd0de1aae8f3fa9b0a2d8d78afb43af6138a7d5275e50d937b8cdbbed5,02_GRAPHENE_CASES/RMS_0p300/00_INITIAL/topol.top,DUPLICATE,rough surface,Same SHA256 content; no deletion recommended in this round.
28,exact duplicate,1aa8e7cd0de1aae8f3fa9b0a2d8d78afb43af6138a7d5275e50d937b8cdbbed5,02_GRAPHENE_CASES/RMS_0p300/02_RUN/topol.top,DUPLICATE,rough surface,Same SHA256 content; no deletion recommended in this round.
28,exact duplicate,1aa8e7cd0de1aae8f3fa9b0a2d8d78afb43af6138a7d5275e50d937b8cdbbed5,02_GRAPHENE_CASES/RMS_0p600/00_INITIAL/topol.top,DUPLICATE,rough surface,Same SHA256 content; no deletion recommended in this round.
28,exact duplicate,1aa8e7cd0de1aae8f3fa9b0a2d8d78afb43af6138a7d5275e50d937b8cdbbed5,02_GRAPHENE_CASES/RMS_0p600/02_RUN/topol.top,DUPLICATE,rough surface,Same SHA256 content; no deletion recommended in this round.
28,exact duplicate,1aa8e7cd0de1aae8f3fa9b0a2d8d78afb43af6138a7d5275e50d937b8cdbbed5,02_GRAPHENE_CASES/RMS_0p900/00_INITIAL/topol.top,DUPLICATE,rough surface,Same SHA256 content; no deletion recommended in this round.
28,exact duplicate,1aa8e7cd0de1aae8f3fa9b0a2d8d78afb43af6138a7d5275e50d937b8cdbbed5,02_GRAPHENE_CASES/RMS_0p900/02_RUN/topol.top,DUPLICATE,rough surface,Same SHA256 content; no deletion recommended in this round.
29,exact duplicate,65f9fa8facbc60210b03130c1e0991288a2fe6fa02dfa7bd1ca050c0257193fc,02_GRAPHENE_CASES/RMS_0p000/01_MDP/00_em.mdp,DUPLICATE,rough surface,Same SHA256 content; no deletion recommended in this round.
29,exact duplicate,65f9fa8facbc60210b03130c1e0991288a2fe6fa02dfa7bd1ca050c0257193fc,02_GRAPHENE_CASES/RMS_0p300/01_MDP/00_em.mdp,DUPLICATE,rough surface,Same SHA256 content; no deletion recommended in this round.
29,exact duplicate,65f9fa8facbc60210b03130c1e0991288a2fe6fa02dfa7bd1ca050c0257193fc,02_GRAPHENE_CASES/RMS_0p600/01_MDP/00_em.mdp,DUPLICATE,rough surface,Same SHA256 content; no deletion recommended in this round.
29,exact duplicate,65f9fa8facbc60210b03130c1e0991288a2fe6fa02dfa7bd1ca050c0257193fc,02_GRAPHENE_CASES/RMS_0p900/01_MDP/00_em.mdp,DUPLICATE,rough surface,Same SHA256 content; no deletion recommended in this round.
30,exact duplicate,922f6cc4835ef32ccd1f83abc33cb3fab192a692b2d365dfde6e39d55fd48e18,02_GRAPHENE_CASES/RMS_0p000/01_MDP/01_wall_nvt_900K_3ps.mdp,DUPLICATE,rough surface,Same SHA256 content; no deletion recommended in this round.
30,exact duplicate,922f6cc4835ef32ccd1f83abc33cb3fab192a692b2d365dfde6e39d55fd48e18,02_GRAPHENE_CASES/RMS_0p300/01_MDP/01_wall_nvt_900K_3ps.mdp,DUPLICATE,rough surface,Same SHA256 content; no deletion recommended in this round.
30,exact duplicate,922f6cc4835ef32ccd1f83abc33cb3fab192a692b2d365dfde6e39d55fd48e18,02_GRAPHENE_CASES/RMS_0p600/01_MDP/01_wall_nvt_900K_3ps.mdp,DUPLICATE,rough surface,Same SHA256 content; no deletion recommended in this round.
30,exact duplicate,922f6cc4835ef32ccd1f83abc33cb3fab192a692b2d365dfde6e39d55fd48e18,02_GRAPHENE_CASES/RMS_0p900/01_MDP/01_wall_nvt_900K_3ps.mdp,DUPLICATE,rough surface,Same SHA256 content; no deletion recommended in this round.
31,exact duplicate,693adb8ca874a1f7bc374086724d6a2312656b6c8fb92ca3c72a507edc0a17e4,02_GRAPHENE_CASES/RMS_0p000/02_RUN/STANDARD_KEROGEN_PLATE/topol.top,DUPLICATE,rough surface,Same SHA256 content; no deletion recommended in this round.
31,exact duplicate,693adb8ca874a1f7bc374086724d6a2312656b6c8fb92ca3c72a507edc0a17e4,02_GRAPHENE_CASES/RMS_0p300/02_RUN/STANDARD_KEROGEN_PLATE/topol.top,DUPLICATE,rough surface,Same SHA256 content; no deletion recommended in this round.
31,exact duplicate,693adb8ca874a1f7bc374086724d6a2312656b6c8fb92ca3c72a507edc0a17e4,02_GRAPHENE_CASES/RMS_0p600/02_RUN/STANDARD_KEROGEN_PLATE/topol.top,DUPLICATE,rough surface,Same SHA256 content; no deletion recommended in this round.
31,exact duplicate,693adb8ca874a1f7bc374086724d6a2312656b6c8fb92ca3c72a507edc0a17e4,02_GRAPHENE_CASES/RMS_0p900/02_RUN/STANDARD_KEROGEN_PLATE/topol.top,DUPLICATE,rough surface,Same SHA256 content; no deletion recommended in this round.
32,exact duplicate,b0c775c221b61b32d92a2b09f7f19c1b1a8236c7a427437bb25843aa44a2cf44,02_GRAPHENE_CASES/RMS_0p300/00_INITIAL/GTOP.itp,DUPLICATE,rough surface,Same SHA256 content; no deletion recommended in this round.
32,exact duplicate,b0c775c221b61b32d92a2b09f7f19c1b1a8236c7a427437bb25843aa44a2cf44,02_GRAPHENE_CASES/RMS_0p300/02_RUN/GTOP.itp,DUPLICATE,rough surface,Same SHA256 content; no deletion recommended in this round.
33,exact duplicate,b6c642155cad303a11b2c66219978c8dfe09c28b48effd4a13f9e3efa25b01f9,02_GRAPHENE_CASES/RMS_0p300/00_INITIAL/GXMN.itp,DUPLICATE,rough surface,Same SHA256 content; no deletion recommended in this round.
33,exact duplicate,b6c642155cad303a11b2c66219978c8dfe09c28b48effd4a13f9e3efa25b01f9,02_GRAPHENE_CASES/RMS_0p300/02_RUN/GXMN.itp,DUPLICATE,rough surface,Same SHA256 content; no deletion recommended in this round.
33,exact duplicate,b6c642155cad303a11b2c66219978c8dfe09c28b48effd4a13f9e3efa25b01f9,02_GRAPHENE_CASES/RMS_0p600/00_INITIAL/GXMN.itp,DUPLICATE,rough surface,Same SHA256 content; no deletion recommended in this round.
33,exact duplicate,b6c642155cad303a11b2c66219978c8dfe09c28b48effd4a13f9e3efa25b01f9,02_GRAPHENE_CASES/RMS_0p600/02_RUN/GXMN.itp,DUPLICATE,rough surface,Same SHA256 content; no deletion recommended in this round.
33,exact duplicate,b6c642155cad303a11b2c66219978c8dfe09c28b48effd4a13f9e3efa25b01f9,02_GRAPHENE_CASES/RMS_0p900/00_INITIAL/GXMN.itp,DUPLICATE,rough surface,Same SHA256 content; no deletion recommended in this round.
33,exact duplicate,b6c642155cad303a11b2c66219978c8dfe09c28b48effd4a13f9e3efa25b01f9,02_GRAPHENE_CASES/RMS_0p900/02_RUN/GXMN.itp,DUPLICATE,rough surface,Same SHA256 content; no deletion recommended in this round.
34,exact duplicate,0cb383346a56edd61f39a6a724eafe83800d94b02addc6804331962ea7c29710,02_GRAPHENE_CASES/RMS_0p300/00_INITIAL/GXMN_posre_fixed.itp,DUPLICATE,rough surface,Same SHA256 content; no deletion recommended in this round.
34,exact duplicate,0cb383346a56edd61f39a6a724eafe83800d94b02addc6804331962ea7c29710,02_GRAPHENE_CASES/RMS_0p300/00_INITIAL/GXMX_posre_fixed.itp,DUPLICATE,rough surface,Same SHA256 content; no deletion recommended in this round.
34,exact duplicate,0cb383346a56edd61f39a6a724eafe83800d94b02addc6804331962ea7c29710,02_GRAPHENE_CASES/RMS_0p300/02_RUN/GXMN_posre_fixed.itp,DUPLICATE,rough surface,Same SHA256 content; no deletion recommended in this round.
34,exact duplicate,0cb383346a56edd61f39a6a724eafe83800d94b02addc6804331962ea7c29710,02_GRAPHENE_CASES/RMS_0p300/02_RUN/GXMX_posre_fixed.itp,DUPLICATE,rough surface,Same SHA256 content; no deletion recommended in this round.
34,exact duplicate,0cb383346a56edd61f39a6a724eafe83800d94b02addc6804331962ea7c29710,02_GRAPHENE_CASES/RMS_0p600/00_INITIAL/GXMN_posre_fixed.itp,DUPLICATE,rough surface,Same SHA256 content; no deletion recommended in this round.
34,exact duplicate,0cb383346a56edd61f39a6a724eafe83800d94b02addc6804331962ea7c29710,02_GRAPHENE_CASES/RMS_0p600/00_INITIAL/GXMX_posre_fixed.itp,DUPLICATE,rough surface,Same SHA256 content; no deletion recommended in this round.
34,exact duplicate,0cb383346a56edd61f39a6a724eafe83800d94b02addc6804331962ea7c29710,02_GRAPHENE_CASES/RMS_0p600/02_RUN/GXMN_posre_fixed.itp,DUPLICATE,rough surface,Same SHA256 content; no deletion recommended in this round.
34,exact duplicate,0cb383346a56edd61f39a6a724eafe83800d94b02addc6804331962ea7c29710,02_GRAPHENE_CASES/RMS_0p600/02_RUN/GXMX_posre_fixed.itp,DUPLICATE,rough surface,Same SHA256 content; no deletion recommended in this round.
34,exact duplicate,0cb383346a56edd61f39a6a724eafe83800d94b02addc6804331962ea7c29710,02_GRAPHENE_CASES/RMS_0p900/00_INITIAL/GXMN_posre_fixed.itp,DUPLICATE,rough surface,Same SHA256 content; no deletion recommended in this round.
34,exact duplicate,0cb383346a56edd61f39a6a724eafe83800d94b02addc6804331962ea7c29710,02_GRAPHENE_CASES/RMS_0p900/00_INITIAL/GXMX_posre_fixed.itp,DUPLICATE,rough surface,Same SHA256 content; no deletion recommended in this round.
34,exact duplicate,0cb383346a56edd61f39a6a724eafe83800d94b02addc6804331962ea7c29710,02_GRAPHENE_CASES/RMS_0p900/02_RUN/GXMN_posre_fixed.itp,DUPLICATE,rough surface,Same SHA256 content; no deletion recommended in this round.
34,exact duplicate,0cb383346a56edd61f39a6a724eafe83800d94b02addc6804331962ea7c29710,02_GRAPHENE_CASES/RMS_0p900/02_RUN/GXMX_posre_fixed.itp,DUPLICATE,rough surface,Same SHA256 content; no deletion recommended in this round.
35,exact duplicate,c1c8be46f9bd3de985cdedc36cdd55c034d6bbca105ca6ff442bfecba9e21285,02_GRAPHENE_CASES/RMS_0p300/00_INITIAL/GXMX.itp,DUPLICATE,rough surface,Same SHA256 content; no deletion recommended in this round.
35,exact duplicate,c1c8be46f9bd3de985cdedc36cdd55c034d6bbca105ca6ff442bfecba9e21285,02_GRAPHENE_CASES/RMS_0p300/02_RUN/GXMX.itp,DUPLICATE,rough surface,Same SHA256 content; no deletion recommended in this round.
35,exact duplicate,c1c8be46f9bd3de985cdedc36cdd55c034d6bbca105ca6ff442bfecba9e21285,02_GRAPHENE_CASES/RMS_0p600/00_INITIAL/GXMX.itp,DUPLICATE,rough surface,Same SHA256 content; no deletion recommended in this round.
35,exact duplicate,c1c8be46f9bd3de985cdedc36cdd55c034d6bbca105ca6ff442bfecba9e21285,02_GRAPHENE_CASES/RMS_0p600/02_RUN/GXMX.itp,DUPLICATE,rough surface,Same SHA256 content; no deletion recommended in this round.
35,exact duplicate,c1c8be46f9bd3de985cdedc36cdd55c034d6bbca105ca6ff442bfecba9e21285,02_GRAPHENE_CASES/RMS_0p900/00_INITIAL/GXMX.itp,DUPLICATE,rough surface,Same SHA256 content; no deletion recommended in this round.
35,exact duplicate,c1c8be46f9bd3de985cdedc36cdd55c034d6bbca105ca6ff442bfecba9e21285,02_GRAPHENE_CASES/RMS_0p900/02_RUN/GXMX.itp,DUPLICATE,rough surface,Same SHA256 content; no deletion recommended in this round.
36,exact duplicate,6d935cd23055776eba851b4429dc5cd1fc3f6ca41e52eb827c7460bf81b9d526,02_GRAPHENE_CASES/RMS_0p300/00_INITIAL/GYMN.itp,DUPLICATE,rough surface,Same SHA256 content; no deletion recommended in this round.
36,exact duplicate,6d935cd23055776eba851b4429dc5cd1fc3f6ca41e52eb827c7460bf81b9d526,02_GRAPHENE_CASES/RMS_0p300/02_RUN/GYMN.itp,DUPLICATE,rough surface,Same SHA256 content; no deletion recommended in this round.
36,exact duplicate,6d935cd23055776eba851b4429dc5cd1fc3f6ca41e52eb827c7460bf81b9d526,02_GRAPHENE_CASES/RMS_0p600/00_INITIAL/GYMN.itp,DUPLICATE,rough surface,Same SHA256 content; no deletion recommended in this round.
36,exact duplicate,6d935cd23055776eba851b4429dc5cd1fc3f6ca41e52eb827c7460bf81b9d526,02_GRAPHENE_CASES/RMS_0p600/02_RUN/GYMN.itp,DUPLICATE,rough surface,Same SHA256 content; no deletion recommended in this round.
36,exact duplicate,6d935cd23055776eba851b4429dc5cd1fc3f6ca41e52eb827c7460bf81b9d526,02_GRAPHENE_CASES/RMS_0p900/00_INITIAL/GYMN.itp,DUPLICATE,rough surface,Same SHA256 content; no deletion recommended in this round.
36,exact duplicate,6d935cd23055776eba851b4429dc5cd1fc3f6ca41e52eb827c7460bf81b9d526,02_GRAPHENE_CASES/RMS_0p900/02_RUN/GYMN.itp,DUPLICATE,rough surface,Same SHA256 content; no deletion recommended in this round.
37,exact duplicate,88118e163300c52d998863e218c488d9314a11f113662e94402ec04cc2148eb4,02_GRAPHENE_CASES/RMS_0p300/00_INITIAL/GYMN_posre_fixed.itp,DUPLICATE,rough surface,Same SHA256 content; no deletion recommended in this round.
37,exact duplicate,88118e163300c52d998863e218c488d9314a11f113662e94402ec04cc2148eb4,02_GRAPHENE_CASES/RMS_0p300/00_INITIAL/GYMX_posre_fixed.itp,DUPLICATE,rough surface,Same SHA256 content; no deletion recommended in this round.
37,exact duplicate,88118e163300c52d998863e218c488d9314a11f113662e94402ec04cc2148eb4,02_GRAPHENE_CASES/RMS_0p300/02_RUN/GYMN_posre_fixed.itp,DUPLICATE,rough surface,Same SHA256 content; no deletion recommended in this round.
37,exact duplicate,88118e163300c52d998863e218c488d9314a11f113662e94402ec04cc2148eb4,02_GRAPHENE_CASES/RMS_0p300/02_RUN/GYMX_posre_fixed.itp,DUPLICATE,rough surface,Same SHA256 content; no deletion recommended in this round.
37,exact duplicate,88118e163300c52d998863e218c488d9314a11f113662e94402ec04cc2148eb4,02_GRAPHENE_CASES/RMS_0p600/00_INITIAL/GYMN_posre_fixed.itp,DUPLICATE,rough surface,Same SHA256 content; no deletion recommended in this round.
37,exact duplicate,88118e163300c52d998863e218c488d9314a11f113662e94402ec04cc2148eb4,02_GRAPHENE_CASES/RMS_0p600/00_INITIAL/GYMX_posre_fixed.itp,DUPLICATE,rough surface,Same SHA256 content; no deletion recommended in this round.
37,exact duplicate,88118e163300c52d998863e218c488d9314a11f113662e94402ec04cc2148eb4,02_GRAPHENE_CASES/RMS_0p600/02_RUN/GYMN_posre_fixed.itp,DUPLICATE,rough surface,Same SHA256 content; no deletion recommended in this round.
37,exact duplicate,88118e163300c52d998863e218c488d9314a11f113662e94402ec04cc2148eb4,02_GRAPHENE_CASES/RMS_0p600/02_RUN/GYMX_posre_fixed.itp,DUPLICATE,rough surface,Same SHA256 content; no deletion recommended in this round.
37,exact duplicate,88118e163300c52d998863e218c488d9314a11f113662e94402ec04cc2148eb4,02_GRAPHENE_CASES/RMS_0p900/00_INITIAL/GYMN_posre_fixed.itp,DUPLICATE,rough surface,Same SHA256 content; no deletion recommended in this round.
37,exact duplicate,88118e163300c52d998863e218c488d9314a11f113662e94402ec04cc2148eb4,02_GRAPHENE_CASES/RMS_0p900/00_INITIAL/GYMX_posre_fixed.itp,DUPLICATE,rough surface,Same SHA256 content; no deletion recommended in this round.
37,exact duplicate,88118e163300c52d998863e218c488d9314a11f113662e94402ec04cc2148eb4,02_GRAPHENE_CASES/RMS_0p900/02_RUN/GYMN_posre_fixed.itp,DUPLICATE,rough surface,Same SHA256 content; no deletion recommended in this round.
37,exact duplicate,88118e163300c52d998863e218c488d9314a11f113662e94402ec04cc2148eb4,02_GRAPHENE_CASES/RMS_0p900/02_RUN/GYMX_posre_fixed.itp,DUPLICATE,rough surface,Same SHA256 content; no deletion recommended in this round.
38,exact duplicate,662f84beae1ec1e5c30061b3f794dbd1e4031f2ef9ca6cf74dedf66601f52e50,02_GRAPHENE_CASES/RMS_0p300/00_INITIAL/GYMX.itp,DUPLICATE,rough surface,Same SHA256 content; no deletion recommended in this round.
38,exact duplicate,662f84beae1ec1e5c30061b3f794dbd1e4031f2ef9ca6cf74dedf66601f52e50,02_GRAPHENE_CASES/RMS_0p300/02_RUN/GYMX.itp,DUPLICATE,rough surface,Same SHA256 content; no deletion recommended in this round.
38,exact duplicate,662f84beae1ec1e5c30061b3f794dbd1e4031f2ef9ca6cf74dedf66601f52e50,02_GRAPHENE_CASES/RMS_0p600/00_INITIAL/GYMX.itp,DUPLICATE,rough surface,Same SHA256 content; no deletion recommended in this round.
38,exact duplicate,662f84beae1ec1e5c30061b3f794dbd1e4031f2ef9ca6cf74dedf66601f52e50,02_GRAPHENE_CASES/RMS_0p600/02_RUN/GYMX.itp,DUPLICATE,rough surface,Same SHA256 content; no deletion recommended in this round.
38,exact duplicate,662f84beae1ec1e5c30061b3f794dbd1e4031f2ef9ca6cf74dedf66601f52e50,02_GRAPHENE_CASES/RMS_0p900/00_INITIAL/GYMX.itp,DUPLICATE,rough surface,Same SHA256 content; no deletion recommended in this round.
38,exact duplicate,662f84beae1ec1e5c30061b3f794dbd1e4031f2ef9ca6cf74dedf66601f52e50,02_GRAPHENE_CASES/RMS_0p900/02_RUN/GYMX.itp,DUPLICATE,rough surface,Same SHA256 content; no deletion recommended in this round.
39,exact duplicate,e1faa028b3d6930333a0b613d7394c0fefd290314ba035874f685debbc8de6c5,02_GRAPHENE_CASES/RMS_0p600/00_INITIAL/GTOP.itp,DUPLICATE,rough surface,Same SHA256 content; no deletion recommended in this round.
39,exact duplicate,e1faa028b3d6930333a0b613d7394c0fefd290314ba035874f685debbc8de6c5,02_GRAPHENE_CASES/RMS_0p600/02_RUN/GTOP.itp,DUPLICATE,rough surface,Same SHA256 content; no deletion recommended in this round.
40,exact duplicate,ce44f30896700c6c3f4b68c5aab0512507a47359e1e2c90df0fc5b3a652cb9ee,02_GRAPHENE_CASES/RMS_0p600/01_MDP/02_pull_ramp_01_20MPa.mdp,DUPLICATE,rough surface,Same SHA256 content; no deletion recommended in this round.
40,exact duplicate,ce44f30896700c6c3f4b68c5aab0512507a47359e1e2c90df0fc5b3a652cb9ee,02_GRAPHENE_CASES/RMS_0p900/01_MDP/02_pull_ramp_01_20MPa.mdp,DUPLICATE,rough surface,Same SHA256 content; no deletion recommended in this round.
41,exact duplicate,8cc3409cf9184a1c7522afabd3859ad07b82a6f40e0d6e6b59698efa59c0985c,02_GRAPHENE_CASES/RMS_0p600/01_MDP/02_pull_ramp_02_40MPa.mdp,DUPLICATE,rough surface,Same SHA256 content; no deletion recommended in this round.
41,exact duplicate,8cc3409cf9184a1c7522afabd3859ad07b82a6f40e0d6e6b59698efa59c0985c,02_GRAPHENE_CASES/RMS_0p900/01_MDP/02_pull_ramp_02_40MPa.mdp,DUPLICATE,rough surface,Same SHA256 content; no deletion recommended in this round.
42,exact duplicate,b2472e517724540efb8239bc96cbbcf4ee48b18eaf5e3e36c840d37760143750,02_GRAPHENE_CASES/RMS_0p600/01_MDP/02_pull_ramp_03_60MPa.mdp,DUPLICATE,rough surface,Same SHA256 content; no deletion recommended in this round.
42,exact duplicate,b2472e517724540efb8239bc96cbbcf4ee48b18eaf5e3e36c840d37760143750,02_GRAPHENE_CASES/RMS_0p900/01_MDP/02_pull_ramp_03_60MPa.mdp,DUPLICATE,rough surface,Same SHA256 content; no deletion recommended in this round.
43,exact duplicate,6bf81c92864b981e419b61a65dfccf9710a0540f94dd4f2b5ed41a718c232cbc,02_GRAPHENE_CASES/RMS_0p600/01_MDP/03_pull_stage_01_700K_chunk01_50ps.mdp,DUPLICATE,rough surface,Same SHA256 content; no deletion recommended in this round.
43,exact duplicate,6bf81c92864b981e419b61a65dfccf9710a0540f94dd4f2b5ed41a718c232cbc,02_GRAPHENE_CASES/RMS_0p900/01_MDP/03_pull_stage_01_700K_chunk01_50ps.mdp,DUPLICATE,rough surface,Same SHA256 content; no deletion recommended in this round.
44,exact duplicate,7e41eb1de1d5f1f51c97c204d3122708db00bcf2247d6f9aee5d16238590dca4,02_GRAPHENE_CASES/RMS_0p600/01_MDP/03_pull_stage_02_500K_chunk01_50ps.mdp,DUPLICATE,rough surface,Same SHA256 content; no deletion recommended in this round.
44,exact duplicate,7e41eb1de1d5f1f51c97c204d3122708db00bcf2247d6f9aee5d16238590dca4,02_GRAPHENE_CASES/RMS_0p900/01_MDP/03_pull_stage_02_500K_chunk01_50ps.mdp,DUPLICATE,rough surface,Same SHA256 content; no deletion recommended in this round.
45,exact duplicate,ab635e8dd623797c45127685a0ad92b891fa5daf1cd3654f85864c36bce224ca,02_GRAPHENE_CASES/RMS_0p900/00_INITIAL/GTOP.itp,DUPLICATE,rough surface,Same SHA256 content; no deletion recommended in this round.
45,exact duplicate,ab635e8dd623797c45127685a0ad92b891fa5daf1cd3654f85864c36bce224ca,02_GRAPHENE_CASES/RMS_0p900/02_RUN/GTOP.itp,DUPLICATE,rough surface,Same SHA256 content; no deletion recommended in this round.
46,exact duplicate,495a7fc5f0e9e09158dbd78a2bec77893772e92bd49162bf9850e7d35009003a,config.json,DUPLICATE,rough surface,Same SHA256 content; no deletion recommended in this round.
46,exact duplicate,495a7fc5f0e9e09158dbd78a2bec77893772e92bd49162bf9850e7d35009003a,config_rms0_nt8.json,DUPLICATE,rough surface,Same SHA256 content; no deletion recommended in this round.
47,exact duplicate,d54e2587c043bbddf500fe730ef240338b924aabea350f6c4eed50ad739e9e1e,config_normal_nt8.json,DUPLICATE,rough surface,Same SHA256 content; no deletion recommended in this round.
47,exact duplicate,d54e2587c043bbddf500fe730ef240338b924aabea350f6c4eed50ad739e9e1e,config_normal_nt8_with_rms0.json,DUPLICATE,rough surface,Same SHA256 content; no deletion recommended in this round.
48,exact duplicate,3e7f3dc867d2a7b64753f6ab9785aa7e80d09dbee529af83f1825c57f644eb9f,config_quick_test_nt14.json,DUPLICATE,rough surface,Same SHA256 content; no deletion recommended in this round.
48,exact duplicate,3e7f3dc867d2a7b64753f6ab9785aa7e80d09dbee529af83f1825c57f644eb9f,config_quick_test_nt14_with_rms0.json,DUPLICATE,rough surface,Same SHA256 content; no deletion recommended in this round.
