atom_type,origin,pseudo_atom_status,mixing_rule_status,sigma,epsilon,source_file,status
CH4,methane ExampleDefinitions,PASS,PASS,3.72,158.5 K,"{""mixing_rules"": ""\\\\wsl.localhost\\Ubuntu-22.04\\home\\baiheng\\miniforge3\\envs\\raspa2\\share\\raspa\\forcefield\\ExampleZeolitesForceField\\force_field_mixing_rules.def"", ""mixing_rules_sha256"": ""9696a6743fa788c3bfb058d0556b696fb5febd6ba769f0e5c7d0f322b4f4a908"", ""pseudo_atoms"": ""\\\\wsl.localhost\\Ubuntu-22.04\\home\\baiheng\\miniforge3\\envs\\raspa2\\share\\raspa\\forcefield\\ExampleZeolitesForceField\\pseudo_atoms.def"", ""pseudo_atoms_sha256"": ""aaab675aedb5357d3b43172b14aba7993b4397395057c953a72e2b2fa9f26138""}",PASS
illi_Al23,illite,PASS,PASS,0.4271322,5.563657e-06,F:\MD\kerogen_bulk0p1_to0p8_then_graphene_pull_v1\kerogen_bulk0p1_to0p8_then_graphene_pull_v1\00_INPUT\illite_ATP.itp,PASS
illi_Al24,illite,PASS,PASS,0.4271322,5.563657e-06,F:\MD\kerogen_bulk0p1_to0p8_then_graphene_pull_v1\kerogen_bulk0p1_to0p8_then_graphene_pull_v1\00_INPUT\illite_ATP.itp,PASS
illi_Al25,illite,PASS,PASS,0.4271322,5.563657e-06,F:\MD\kerogen_bulk0p1_to0p8_then_graphene_pull_v1\kerogen_bulk0p1_to0p8_then_graphene_pull_v1\00_INPUT\illite_ATP.itp,PASS
illi_Al26,illite,PASS,PASS,0.4271322,5.563657e-06,F:\MD\kerogen_bulk0p1_to0p8_then_graphene_pull_v1\kerogen_bulk0p1_to0p8_then_graphene_pull_v1\00_INPUT\illite_ATP.itp,PASS
illi_H27,illite,PASS,PASS,0,0,F:\MD\kerogen_bulk0p1_to0p8_then_graphene_pull_v1\kerogen_bulk0p1_to0p8_then_graphene_pull_v1\00_INPUT\illite_ATP.itp,PASS
illi_H28,illite,PASS,PASS,0,0,F:\MD\kerogen_bulk0p1_to0p8_then_graphene_pull_v1\kerogen_bulk0p1_to0p8_then_graphene_pull_v1\00_INPUT\illite_ATP.itp,PASS
illi_K21,illite,PASS,PASS,0.3334006,0.4184065,F:\MD\kerogen_bulk0p1_to0p8_then_graphene_pull_v1\kerogen_bulk0p1_to0p8_then_graphene_pull_v1\00_INPUT\illite_ATP.itp,PASS
illi_K22,illite,PASS,PASS,0.3334006,0.4184065,F:\MD\kerogen_bulk0p1_to0p8_then_graphene_pull_v1\kerogen_bulk0p1_to0p8_then_graphene_pull_v1\00_INPUT\illite_ATP.itp,PASS
illi_O09,illite,PASS,PASS,0.316552,0.6502623,F:\MD\kerogen_bulk0p1_to0p8_then_graphene_pull_v1\kerogen_bulk0p1_to0p8_then_graphene_pull_v1\00_INPUT\illite_ATP.itp,PASS
illi_O0A,illite,PASS,PASS,0.316552,0.6502623,F:\MD\kerogen_bulk0p1_to0p8_then_graphene_pull_v1\kerogen_bulk0p1_to0p8_then_graphene_pull_v1\00_INPUT\illite_ATP.itp,PASS
illi_O0B,illite,PASS,PASS,0.316552,0.6502623,F:\MD\kerogen_bulk0p1_to0p8_then_graphene_pull_v1\kerogen_bulk0p1_to0p8_then_graphene_pull_v1\00_INPUT\illite_ATP.itp,PASS
illi_O0C,illite,PASS,PASS,0.316552,0.6502623,F:\MD\kerogen_bulk0p1_to0p8_then_graphene_pull_v1\kerogen_bulk0p1_to0p8_then_graphene_pull_v1\00_INPUT\illite_ATP.itp,PASS
illi_O0D,illite,PASS,PASS,0.316552,0.6502623,F:\MD\kerogen_bulk0p1_to0p8_then_graphene_pull_v1\kerogen_bulk0p1_to0p8_then_graphene_pull_v1\00_INPUT\illite_ATP.itp,PASS
illi_O0E,illite,PASS,PASS,0.316552,0.6502623,F:\MD\kerogen_bulk0p1_to0p8_then_graphene_pull_v1\kerogen_bulk0p1_to0p8_then_graphene_pull_v1\00_INPUT\illite_ATP.itp,PASS
illi_O0F,illite,PASS,PASS,0.316552,0.6502623,F:\MD\kerogen_bulk0p1_to0p8_then_graphene_pull_v1\kerogen_bulk0p1_to0p8_then_graphene_pull_v1\00_INPUT\illite_ATP.itp,PASS
illi_O10,illite,PASS,PASS,0.316552,0.6502623,F:\MD\kerogen_bulk0p1_to0p8_then_graphene_pull_v1\kerogen_bulk0p1_to0p8_then_graphene_pull_v1\00_INPUT\illite_ATP.itp,PASS
illi_O11,illite,PASS,PASS,0.316552,0.6502623,F:\MD\kerogen_bulk0p1_to0p8_then_graphene_pull_v1\kerogen_bulk0p1_to0p8_then_graphene_pull_v1\00_INPUT\illite_ATP.itp,PASS
illi_O12,illite,PASS,PASS,0.316552,0.6502623,F:\MD\kerogen_bulk0p1_to0p8_then_graphene_pull_v1\kerogen_bulk0p1_to0p8_then_graphene_pull_v1\00_INPUT\illite_ATP.itp,PASS
illi_O13,illite,PASS,PASS,0.316552,0.6502623,F:\MD\kerogen_bulk0p1_to0p8_then_graphene_pull_v1\kerogen_bulk0p1_to0p8_then_graphene_pull_v1\00_INPUT\illite_ATP.itp,PASS
illi_O14,illite,PASS,PASS,0.316552,0.6502623,F:\MD\kerogen_bulk0p1_to0p8_then_graphene_pull_v1\kerogen_bulk0p1_to0p8_then_graphene_pull_v1\00_INPUT\illite_ATP.itp,PASS
illi_O15,illite,PASS,PASS,0.316552,0.6502623,F:\MD\kerogen_bulk0p1_to0p8_then_graphene_pull_v1\kerogen_bulk0p1_to0p8_then_graphene_pull_v1\00_INPUT\illite_ATP.itp,PASS
illi_O16,illite,PASS,PASS,0.316552,0.6502623,F:\MD\kerogen_bulk0p1_to0p8_then_graphene_pull_v1\kerogen_bulk0p1_to0p8_then_graphene_pull_v1\00_INPUT\illite_ATP.itp,PASS
illi_O17,illite,PASS,PASS,0.316552,0.6502623,F:\MD\kerogen_bulk0p1_to0p8_then_graphene_pull_v1\kerogen_bulk0p1_to0p8_then_graphene_pull_v1\00_INPUT\illite_ATP.itp,PASS
illi_O18,illite,PASS,PASS,0.316552,0.6502623,F:\MD\kerogen_bulk0p1_to0p8_then_graphene_pull_v1\kerogen_bulk0p1_to0p8_then_graphene_pull_v1\00_INPUT\illite_ATP.itp,PASS
illi_O19,illite,PASS,PASS,0.316552,0.6502623,F:\MD\kerogen_bulk0p1_to0p8_then_graphene_pull_v1\kerogen_bulk0p1_to0p8_then_graphene_pull_v1\00_INPUT\illite_ATP.itp,PASS
illi_O1A,illite,PASS,PASS,0.316552,0.6502623,F:\MD\kerogen_bulk0p1_to0p8_then_graphene_pull_v1\kerogen_bulk0p1_to0p8_then_graphene_pull_v1\00_INPUT\illite_ATP.itp,PASS
illi_O1B,illite,PASS,PASS,0.316552,0.6502623,F:\MD\kerogen_bulk0p1_to0p8_then_graphene_pull_v1\kerogen_bulk0p1_to0p8_then_graphene_pull_v1\00_INPUT\illite_ATP.itp,PASS
illi_O1C,illite,PASS,PASS,0.316552,0.6502623,F:\MD\kerogen_bulk0p1_to0p8_then_graphene_pull_v1\kerogen_bulk0p1_to0p8_then_graphene_pull_v1\00_INPUT\illite_ATP.itp,PASS
illi_O1D,illite,PASS,PASS,0.316552,0.6502623,F:\MD\kerogen_bulk0p1_to0p8_then_graphene_pull_v1\kerogen_bulk0p1_to0p8_then_graphene_pull_v1\00_INPUT\illite_ATP.itp,PASS
illi_O1E,illite,PASS,PASS,0.316552,0.6502623,F:\MD\kerogen_bulk0p1_to0p8_then_graphene_pull_v1\kerogen_bulk0p1_to0p8_then_graphene_pull_v1\00_INPUT\illite_ATP.itp,PASS
illi_O1F,illite,PASS,PASS,0.316552,0.6502623,F:\MD\kerogen_bulk0p1_to0p8_then_graphene_pull_v1\kerogen_bulk0p1_to0p8_then_graphene_pull_v1\00_INPUT\illite_ATP.itp,PASS
illi_O20,illite,PASS,PASS,0.316552,0.6502623,F:\MD\kerogen_bulk0p1_to0p8_then_graphene_pull_v1\kerogen_bulk0p1_to0p8_then_graphene_pull_v1\00_INPUT\illite_ATP.itp,PASS
illi_Si01,illite,PASS,PASS,0.3301957,7.699311e-06,F:\MD\kerogen_bulk0p1_to0p8_then_graphene_pull_v1\kerogen_bulk0p1_to0p8_then_graphene_pull_v1\00_INPUT\illite_ATP.itp,PASS
illi_Si02,illite,PASS,PASS,0.3301957,7.699311e-06,F:\MD\kerogen_bulk0p1_to0p8_then_graphene_pull_v1\kerogen_bulk0p1_to0p8_then_graphene_pull_v1\00_INPUT\illite_ATP.itp,PASS
illi_Si03,illite,PASS,PASS,0.3301957,7.699311e-06,F:\MD\kerogen_bulk0p1_to0p8_then_graphene_pull_v1\kerogen_bulk0p1_to0p8_then_graphene_pull_v1\00_INPUT\illite_ATP.itp,PASS
illi_Si04,illite,PASS,PASS,0.3301957,7.699311e-06,F:\MD\kerogen_bulk0p1_to0p8_then_graphene_pull_v1\kerogen_bulk0p1_to0p8_then_graphene_pull_v1\00_INPUT\illite_ATP.itp,PASS
illi_Si05,illite,PASS,PASS,0.3301957,7.699311e-06,F:\MD\kerogen_bulk0p1_to0p8_then_graphene_pull_v1\kerogen_bulk0p1_to0p8_then_graphene_pull_v1\00_INPUT\illite_ATP.itp,PASS
illi_Si06,illite,PASS,PASS,0.3301957,7.699311e-06,F:\MD\kerogen_bulk0p1_to0p8_then_graphene_pull_v1\kerogen_bulk0p1_to0p8_then_graphene_pull_v1\00_INPUT\illite_ATP.itp,PASS
illi_Si07,illite,PASS,PASS,0.3301957,7.699311e-06,F:\MD\kerogen_bulk0p1_to0p8_then_graphene_pull_v1\kerogen_bulk0p1_to0p8_then_graphene_pull_v1\00_INPUT\illite_ATP.itp,PASS
illi_Si08,illite,PASS,PASS,0.3301957,7.699311e-06,F:\MD\kerogen_bulk0p1_to0p8_then_graphene_pull_v1\kerogen_bulk0p1_to0p8_then_graphene_pull_v1\00_INPUT\illite_ATP.itp,PASS
kero_C001,kerogen,PASS,PASS,0.355,0.29288,F:\MD\kerogen_bulk0p1_to0p8_then_graphene_pull_v1\kerogen_bulk0p1_to0p8_then_graphene_pull_v1\00_INPUT\kero_ATP.itp,PASS
kero_C002,kerogen,PASS,PASS,0.355,0.29288,F:\MD\kerogen_bulk0p1_to0p8_then_graphene_pull_v1\kerogen_bulk0p1_to0p8_then_graphene_pull_v1\00_INPUT\kero_ATP.itp,PASS
kero_C003,kerogen,PASS,PASS,0.355,0.29288,F:\MD\kerogen_bulk0p1_to0p8_then_graphene_pull_v1\kerogen_bulk0p1_to0p8_then_graphene_pull_v1\00_INPUT\kero_ATP.itp,PASS
kero_C004,kerogen,PASS,PASS,0.355,0.29288,F:\MD\kerogen_bulk0p1_to0p8_then_graphene_pull_v1\kerogen_bulk0p1_to0p8_then_graphene_pull_v1\00_INPUT\kero_ATP.itp,PASS
kero_C005,kerogen,PASS,PASS,0.355,0.29288,F:\MD\kerogen_bulk0p1_to0p8_then_graphene_pull_v1\kerogen_bulk0p1_to0p8_then_graphene_pull_v1\00_INPUT\kero_ATP.itp,PASS
kero_C006,kerogen,PASS,PASS,0.355,0.29288,F:\MD\kerogen_bulk0p1_to0p8_then_graphene_pull_v1\kerogen_bulk0p1_to0p8_then_graphene_pull_v1\00_INPUT\kero_ATP.itp,PASS
kero_C007,kerogen,PASS,PASS,0.355,0.29288,F:\MD\kerogen_bulk0p1_to0p8_then_graphene_pull_v1\kerogen_bulk0p1_to0p8_then_graphene_pull_v1\00_INPUT\kero_ATP.itp,PASS
kero_C008,kerogen,PASS,PASS,0.355,0.29288,F:\MD\kerogen_bulk0p1_to0p8_then_graphene_pull_v1\kerogen_bulk0p1_to0p8_then_graphene_pull_v1\00_INPUT\kero_ATP.itp,PASS
kero_C009,kerogen,PASS,PASS,0.355,0.29288,F:\MD\kerogen_bulk0p1_to0p8_then_graphene_pull_v1\kerogen_bulk0p1_to0p8_then_graphene_pull_v1\00_INPUT\kero_ATP.itp,PASS
kero_C00A,kerogen,PASS,PASS,0.355,0.29288,F:\MD\kerogen_bulk0p1_to0p8_then_graphene_pull_v1\kerogen_bulk0p1_to0p8_then_graphene_pull_v1\00_INPUT\kero_ATP.itp,PASS
kero_C00B,kerogen,PASS,PASS,0.355,0.29288,F:\MD\kerogen_bulk0p1_to0p8_then_graphene_pull_v1\kerogen_bulk0p1_to0p8_then_graphene_pull_v1\00_INPUT\kero_ATP.itp,PASS
kero_C00C,kerogen,PASS,PASS,0.355,0.29288,F:\MD\kerogen_bulk0p1_to0p8_then_graphene_pull_v1\kerogen_bulk0p1_to0p8_then_graphene_pull_v1\00_INPUT\kero_ATP.itp,PASS
kero_C00D,kerogen,PASS,PASS,0.355,0.29288,F:\MD\kerogen_bulk0p1_to0p8_then_graphene_pull_v1\kerogen_bulk0p1_to0p8_then_graphene_pull_v1\00_INPUT\kero_ATP.itp,PASS
kero_C00E,kerogen,PASS,PASS,0.355,0.29288,F:\MD\kerogen_bulk0p1_to0p8_then_graphene_pull_v1\kerogen_bulk0p1_to0p8_then_graphene_pull_v1\00_INPUT\kero_ATP.itp,PASS
kero_C00F,kerogen,PASS,PASS,0.355,0.29288,F:\MD\kerogen_bulk0p1_to0p8_then_graphene_pull_v1\kerogen_bulk0p1_to0p8_then_graphene_pull_v1\00_INPUT\kero_ATP.itp,PASS
kero_C010,kerogen,PASS,PASS,0.355,0.29288,F:\MD\kerogen_bulk0p1_to0p8_then_graphene_pull_v1\kerogen_bulk0p1_to0p8_then_graphene_pull_v1\00_INPUT\kero_ATP.itp,PASS
kero_C011,kerogen,PASS,PASS,0.355,0.29288,F:\MD\kerogen_bulk0p1_to0p8_then_graphene_pull_v1\kerogen_bulk0p1_to0p8_then_graphene_pull_v1\00_INPUT\kero_ATP.itp,PASS
kero_C014,kerogen,PASS,PASS,0.355,0.29288,F:\MD\kerogen_bulk0p1_to0p8_then_graphene_pull_v1\kerogen_bulk0p1_to0p8_then_graphene_pull_v1\00_INPUT\kero_ATP.itp,PASS
kero_C01C,kerogen,PASS,PASS,0.35,0.276144,F:\MD\kerogen_bulk0p1_to0p8_then_graphene_pull_v1\kerogen_bulk0p1_to0p8_then_graphene_pull_v1\00_INPUT\kero_ATP.itp,PASS
kero_C01D,kerogen,PASS,PASS,0.35,0.276144,F:\MD\kerogen_bulk0p1_to0p8_then_graphene_pull_v1\kerogen_bulk0p1_to0p8_then_graphene_pull_v1\00_INPUT\kero_ATP.itp,PASS
kero_C01E,kerogen,PASS,PASS,0.35,0.276144,F:\MD\kerogen_bulk0p1_to0p8_then_graphene_pull_v1\kerogen_bulk0p1_to0p8_then_graphene_pull_v1\00_INPUT\kero_ATP.itp,PASS
kero_C01F,kerogen,PASS,PASS,0.35,0.276144,F:\MD\kerogen_bulk0p1_to0p8_then_graphene_pull_v1\kerogen_bulk0p1_to0p8_then_graphene_pull_v1\00_INPUT\kero_ATP.itp,PASS
kero_C020,kerogen,PASS,PASS,0.35,0.276144,F:\MD\kerogen_bulk0p1_to0p8_then_graphene_pull_v1\kerogen_bulk0p1_to0p8_then_graphene_pull_v1\00_INPUT\kero_ATP.itp,PASS
kero_C021,kerogen,PASS,PASS,0.35,0.276144,F:\MD\kerogen_bulk0p1_to0p8_then_graphene_pull_v1\kerogen_bulk0p1_to0p8_then_graphene_pull_v1\00_INPUT\kero_ATP.itp,PASS
kero_C02A,kerogen,PASS,PASS,0.355,0.29288,F:\MD\kerogen_bulk0p1_to0p8_then_graphene_pull_v1\kerogen_bulk0p1_to0p8_then_graphene_pull_v1\00_INPUT\kero_ATP.itp,PASS
kero_C02B,kerogen,PASS,PASS,0.355,0.29288,F:\MD\kerogen_bulk0p1_to0p8_then_graphene_pull_v1\kerogen_bulk0p1_to0p8_then_graphene_pull_v1\00_INPUT\kero_ATP.itp,PASS
kero_C02C,kerogen,PASS,PASS,0.355,0.29288,F:\MD\kerogen_bulk0p1_to0p8_then_graphene_pull_v1\kerogen_bulk0p1_to0p8_then_graphene_pull_v1\00_INPUT\kero_ATP.itp,PASS
kero_C02D,kerogen,PASS,PASS,0.355,0.29288,F:\MD\kerogen_bulk0p1_to0p8_then_graphene_pull_v1\kerogen_bulk0p1_to0p8_then_graphene_pull_v1\00_INPUT\kero_ATP.itp,PASS
kero_C02E,kerogen,PASS,PASS,0.355,0.29288,F:\MD\kerogen_bulk0p1_to0p8_then_graphene_pull_v1\kerogen_bulk0p1_to0p8_then_graphene_pull_v1\00_INPUT\kero_ATP.itp,PASS
kero_C02F,kerogen,PASS,PASS,0.355,0.29288,F:\MD\kerogen_bulk0p1_to0p8_then_graphene_pull_v1\kerogen_bulk0p1_to0p8_then_graphene_pull_v1\00_INPUT\kero_ATP.itp,PASS
kero_C030,kerogen,PASS,PASS,0.355,0.29288,F:\MD\kerogen_bulk0p1_to0p8_then_graphene_pull_v1\kerogen_bulk0p1_to0p8_then_graphene_pull_v1\00_INPUT\kero_ATP.itp,PASS
kero_C031,kerogen,PASS,PASS,0.355,0.29288,F:\MD\kerogen_bulk0p1_to0p8_then_graphene_pull_v1\kerogen_bulk0p1_to0p8_then_graphene_pull_v1\00_INPUT\kero_ATP.itp,PASS
kero_C032,kerogen,PASS,PASS,0.355,0.29288,F:\MD\kerogen_bulk0p1_to0p8_then_graphene_pull_v1\kerogen_bulk0p1_to0p8_then_graphene_pull_v1\00_INPUT\kero_ATP.itp,PASS
kero_C033,kerogen,PASS,PASS,0.355,0.29288,F:\MD\kerogen_bulk0p1_to0p8_then_graphene_pull_v1\kerogen_bulk0p1_to0p8_then_graphene_pull_v1\00_INPUT\kero_ATP.itp,PASS
kero_C034,kerogen,PASS,PASS,0.355,0.29288,F:\MD\kerogen_bulk0p1_to0p8_then_graphene_pull_v1\kerogen_bulk0p1_to0p8_then_graphene_pull_v1\00_INPUT\kero_ATP.itp,PASS
kero_C035,kerogen,PASS,PASS,0.355,0.29288,F:\MD\kerogen_bulk0p1_to0p8_then_graphene_pull_v1\kerogen_bulk0p1_to0p8_then_graphene_pull_v1\00_INPUT\kero_ATP.itp,PASS
kero_C036,kerogen,PASS,PASS,0.355,0.29288,F:\MD\kerogen_bulk0p1_to0p8_then_graphene_pull_v1\kerogen_bulk0p1_to0p8_then_graphene_pull_v1\00_INPUT\kero_ATP.itp,PASS
kero_C037,kerogen,PASS,PASS,0.355,0.29288,F:\MD\kerogen_bulk0p1_to0p8_then_graphene_pull_v1\kerogen_bulk0p1_to0p8_then_graphene_pull_v1\00_INPUT\kero_ATP.itp,PASS
kero_C038,kerogen,PASS,PASS,0.355,0.29288,F:\MD\kerogen_bulk0p1_to0p8_then_graphene_pull_v1\kerogen_bulk0p1_to0p8_then_graphene_pull_v1\00_INPUT\kero_ATP.itp,PASS
kero_C039,kerogen,PASS,PASS,0.355,0.29288,F:\MD\kerogen_bulk0p1_to0p8_then_graphene_pull_v1\kerogen_bulk0p1_to0p8_then_graphene_pull_v1\00_INPUT\kero_ATP.itp,PASS
kero_C03A,kerogen,PASS,PASS,0.355,0.29288,F:\MD\kerogen_bulk0p1_to0p8_then_graphene_pull_v1\kerogen_bulk0p1_to0p8_then_graphene_pull_v1\00_INPUT\kero_ATP.itp,PASS
kero_C03C,kerogen,PASS,PASS,0.355,0.29288,F:\MD\kerogen_bulk0p1_to0p8_then_graphene_pull_v1\kerogen_bulk0p1_to0p8_then_graphene_pull_v1\00_INPUT\kero_ATP.itp,PASS
kero_C03D,kerogen,PASS,PASS,0.355,0.29288,F:\MD\kerogen_bulk0p1_to0p8_then_graphene_pull_v1\kerogen_bulk0p1_to0p8_then_graphene_pull_v1\00_INPUT\kero_ATP.itp,PASS
kero_C03E,kerogen,PASS,PASS,0.355,0.29288,F:\MD\kerogen_bulk0p1_to0p8_then_graphene_pull_v1\kerogen_bulk0p1_to0p8_then_graphene_pull_v1\00_INPUT\kero_ATP.itp,PASS
kero_C040,kerogen,PASS,PASS,0.355,0.29288,F:\MD\kerogen_bulk0p1_to0p8_then_graphene_pull_v1\kerogen_bulk0p1_to0p8_then_graphene_pull_v1\00_INPUT\kero_ATP.itp,PASS
kero_C042,kerogen,PASS,PASS,0.35,0.276144,F:\MD\kerogen_bulk0p1_to0p8_then_graphene_pull_v1\kerogen_bulk0p1_to0p8_then_graphene_pull_v1\00_INPUT\kero_ATP.itp,PASS
kero_C043,kerogen,PASS,PASS,0.35,0.276144,F:\MD\kerogen_bulk0p1_to0p8_then_graphene_pull_v1\kerogen_bulk0p1_to0p8_then_graphene_pull_v1\00_INPUT\kero_ATP.itp,PASS
kero_C049,kerogen,PASS,PASS,0.355,0.29288,F:\MD\kerogen_bulk0p1_to0p8_then_graphene_pull_v1\kerogen_bulk0p1_to0p8_then_graphene_pull_v1\00_INPUT\kero_ATP.itp,PASS
kero_C04A,kerogen,PASS,PASS,0.355,0.29288,F:\MD\kerogen_bulk0p1_to0p8_then_graphene_pull_v1\kerogen_bulk0p1_to0p8_then_graphene_pull_v1\00_INPUT\kero_ATP.itp,PASS
kero_C04B,kerogen,PASS,PASS,0.355,0.29288,F:\MD\kerogen_bulk0p1_to0p8_then_graphene_pull_v1\kerogen_bulk0p1_to0p8_then_graphene_pull_v1\00_INPUT\kero_ATP.itp,PASS
kero_C04C,kerogen,PASS,PASS,0.35,0.276144,F:\MD\kerogen_bulk0p1_to0p8_then_graphene_pull_v1\kerogen_bulk0p1_to0p8_then_graphene_pull_v1\00_INPUT\kero_ATP.itp,PASS
kero_C04D,kerogen,PASS,PASS,0.35,0.276144,F:\MD\kerogen_bulk0p1_to0p8_then_graphene_pull_v1\kerogen_bulk0p1_to0p8_then_graphene_pull_v1\00_INPUT\kero_ATP.itp,PASS
kero_C04E,kerogen,PASS,PASS,0.35,0.276144,F:\MD\kerogen_bulk0p1_to0p8_then_graphene_pull_v1\kerogen_bulk0p1_to0p8_then_graphene_pull_v1\00_INPUT\kero_ATP.itp,PASS
kero_C04F,kerogen,PASS,PASS,0.375,0.43932,F:\MD\kerogen_bulk0p1_to0p8_then_graphene_pull_v1\kerogen_bulk0p1_to0p8_then_graphene_pull_v1\00_INPUT\kero_ATP.itp,PASS
kero_C056,kerogen,PASS,PASS,0.35,0.276144,F:\MD\kerogen_bulk0p1_to0p8_then_graphene_pull_v1\kerogen_bulk0p1_to0p8_then_graphene_pull_v1\00_INPUT\kero_ATP.itp,PASS
kero_C057,kerogen,PASS,PASS,0.35,0.276144,F:\MD\kerogen_bulk0p1_to0p8_then_graphene_pull_v1\kerogen_bulk0p1_to0p8_then_graphene_pull_v1\00_INPUT\kero_ATP.itp,PASS
kero_C058,kerogen,PASS,PASS,0.35,0.276144,F:\MD\kerogen_bulk0p1_to0p8_then_graphene_pull_v1\kerogen_bulk0p1_to0p8_then_graphene_pull_v1\00_INPUT\kero_ATP.itp,PASS
kero_C05A,kerogen,PASS,PASS,0.35,0.276144,F:\MD\kerogen_bulk0p1_to0p8_then_graphene_pull_v1\kerogen_bulk0p1_to0p8_then_graphene_pull_v1\00_INPUT\kero_ATP.itp,PASS
kero_C05B,kerogen,PASS,PASS,0.35,0.276144,F:\MD\kerogen_bulk0p1_to0p8_then_graphene_pull_v1\kerogen_bulk0p1_to0p8_then_graphene_pull_v1\00_INPUT\kero_ATP.itp,PASS
kero_C05C,kerogen,PASS,PASS,0.355,0.29288,F:\MD\kerogen_bulk0p1_to0p8_then_graphene_pull_v1\kerogen_bulk0p1_to0p8_then_graphene_pull_v1\00_INPUT\kero_ATP.itp,PASS
kero_C066,kerogen,PASS,PASS,0.35,0.276144,F:\MD\kerogen_bulk0p1_to0p8_then_graphene_pull_v1\kerogen_bulk0p1_to0p8_then_graphene_pull_v1\00_INPUT\kero_ATP.itp,PASS
kero_C067,kerogen,PASS,PASS,0.35,0.276144,F:\MD\kerogen_bulk0p1_to0p8_then_graphene_pull_v1\kerogen_bulk0p1_to0p8_then_graphene_pull_v1\00_INPUT\kero_ATP.itp,PASS
kero_C068,kerogen,PASS,PASS,0.35,0.276144,F:\MD\kerogen_bulk0p1_to0p8_then_graphene_pull_v1\kerogen_bulk0p1_to0p8_then_graphene_pull_v1\00_INPUT\kero_ATP.itp,PASS
kero_C06E,kerogen,PASS,PASS,0.35,0.276144,F:\MD\kerogen_bulk0p1_to0p8_then_graphene_pull_v1\kerogen_bulk0p1_to0p8_then_graphene_pull_v1\00_INPUT\kero_ATP.itp,PASS
kero_C06F,kerogen,PASS,PASS,0.35,0.276144,F:\MD\kerogen_bulk0p1_to0p8_then_graphene_pull_v1\kerogen_bulk0p1_to0p8_then_graphene_pull_v1\00_INPUT\kero_ATP.itp,PASS
kero_C072,kerogen,PASS,PASS,0.35,0.276144,F:\MD\kerogen_bulk0p1_to0p8_then_graphene_pull_v1\kerogen_bulk0p1_to0p8_then_graphene_pull_v1\00_INPUT\kero_ATP.itp,PASS
kero_C073,kerogen,PASS,PASS,0.355,0.317984,F:\MD\kerogen_bulk0p1_to0p8_then_graphene_pull_v1\kerogen_bulk0p1_to0p8_then_graphene_pull_v1\00_INPUT\kero_ATP.itp,PASS
kero_C074,kerogen,PASS,PASS,0.35,0.276144,F:\MD\kerogen_bulk0p1_to0p8_then_graphene_pull_v1\kerogen_bulk0p1_to0p8_then_graphene_pull_v1\00_INPUT\kero_ATP.itp,PASS
kero_C078,kerogen,PASS,PASS,0.355,0.29288,F:\MD\kerogen_bulk0p1_to0p8_then_graphene_pull_v1\kerogen_bulk0p1_to0p8_then_graphene_pull_v1\00_INPUT\kero_ATP.itp,PASS
kero_C079,kerogen,PASS,PASS,0.355,0.29288,F:\MD\kerogen_bulk0p1_to0p8_then_graphene_pull_v1\kerogen_bulk0p1_to0p8_then_graphene_pull_v1\00_INPUT\kero_ATP.itp,PASS
kero_C07A,kerogen,PASS,PASS,0.355,0.29288,F:\MD\kerogen_bulk0p1_to0p8_then_graphene_pull_v1\kerogen_bulk0p1_to0p8_then_graphene_pull_v1\00_INPUT\kero_ATP.itp,PASS
kero_C07B,kerogen,PASS,PASS,0.355,0.29288,F:\MD\kerogen_bulk0p1_to0p8_then_graphene_pull_v1\kerogen_bulk0p1_to0p8_then_graphene_pull_v1\00_INPUT\kero_ATP.itp,PASS
kero_C07C,kerogen,PASS,PASS,0.355,0.29288,F:\MD\kerogen_bulk0p1_to0p8_then_graphene_pull_v1\kerogen_bulk0p1_to0p8_then_graphene_pull_v1\00_INPUT\kero_ATP.itp,PASS
kero_C07D,kerogen,PASS,PASS,0.355,0.29288,F:\MD\kerogen_bulk0p1_to0p8_then_graphene_pull_v1\kerogen_bulk0p1_to0p8_then_graphene_pull_v1\00_INPUT\kero_ATP.itp,PASS
kero_C07E,kerogen,PASS,PASS,0.355,0.29288,F:\MD\kerogen_bulk0p1_to0p8_then_graphene_pull_v1\kerogen_bulk0p1_to0p8_then_graphene_pull_v1\00_INPUT\kero_ATP.itp,PASS
kero_C07F,kerogen,PASS,PASS,0.355,0.29288,F:\MD\kerogen_bulk0p1_to0p8_then_graphene_pull_v1\kerogen_bulk0p1_to0p8_then_graphene_pull_v1\00_INPUT\kero_ATP.itp,PASS
kero_C080,kerogen,PASS,PASS,0.355,0.29288,F:\MD\kerogen_bulk0p1_to0p8_then_graphene_pull_v1\kerogen_bulk0p1_to0p8_then_graphene_pull_v1\00_INPUT\kero_ATP.itp,PASS
kero_C081,kerogen,PASS,PASS,0.355,0.29288,F:\MD\kerogen_bulk0p1_to0p8_then_graphene_pull_v1\kerogen_bulk0p1_to0p8_then_graphene_pull_v1\00_INPUT\kero_ATP.itp,PASS
kero_C082,kerogen,PASS,PASS,0.355,0.29288,F:\MD\kerogen_bulk0p1_to0p8_then_graphene_pull_v1\kerogen_bulk0p1_to0p8_then_graphene_pull_v1\00_INPUT\kero_ATP.itp,PASS
kero_C083,kerogen,PASS,PASS,0.355,0.29288,F:\MD\kerogen_bulk0p1_to0p8_then_graphene_pull_v1\kerogen_bulk0p1_to0p8_then_graphene_pull_v1\00_INPUT\kero_ATP.itp,PASS
kero_C084,kerogen,PASS,PASS,0.355,0.29288,F:\MD\kerogen_bulk0p1_to0p8_then_graphene_pull_v1\kerogen_bulk0p1_to0p8_then_graphene_pull_v1\00_INPUT\kero_ATP.itp,PASS
kero_C087,kerogen,PASS,PASS,0.355,0.29288,F:\MD\kerogen_bulk0p1_to0p8_then_graphene_pull_v1\kerogen_bulk0p1_to0p8_then_graphene_pull_v1\00_INPUT\kero_ATP.itp,PASS
kero_C088,kerogen,PASS,PASS,0.355,0.29288,F:\MD\kerogen_bulk0p1_to0p8_then_graphene_pull_v1\kerogen_bulk0p1_to0p8_then_graphene_pull_v1\00_INPUT\kero_ATP.itp,PASS
kero_C089,kerogen,PASS,PASS,0.355,0.29288,F:\MD\kerogen_bulk0p1_to0p8_then_graphene_pull_v1\kerogen_bulk0p1_to0p8_then_graphene_pull_v1\00_INPUT\kero_ATP.itp,PASS
kero_C08A,kerogen,PASS,PASS,0.355,0.29288,F:\MD\kerogen_bulk0p1_to0p8_then_graphene_pull_v1\kerogen_bulk0p1_to0p8_then_graphene_pull_v1\00_INPUT\kero_ATP.itp,PASS
kero_C08B,kerogen,PASS,PASS,0.355,0.29288,F:\MD\kerogen_bulk0p1_to0p8_then_graphene_pull_v1\kerogen_bulk0p1_to0p8_then_graphene_pull_v1\00_INPUT\kero_ATP.itp,PASS
kero_C08C,kerogen,PASS,PASS,0.355,0.29288,F:\MD\kerogen_bulk0p1_to0p8_then_graphene_pull_v1\kerogen_bulk0p1_to0p8_then_graphene_pull_v1\00_INPUT\kero_ATP.itp,PASS
kero_C092,kerogen,PASS,PASS,0.35,0.276144,F:\MD\kerogen_bulk0p1_to0p8_then_graphene_pull_v1\kerogen_bulk0p1_to0p8_then_graphene_pull_v1\00_INPUT\kero_ATP.itp,PASS
kero_C093,kerogen,PASS,PASS,0.35,0.276144,F:\MD\kerogen_bulk0p1_to0p8_then_graphene_pull_v1\kerogen_bulk0p1_to0p8_then_graphene_pull_v1\00_INPUT\kero_ATP.itp,PASS
kero_C094,kerogen,PASS,PASS,0.35,0.276144,F:\MD\kerogen_bulk0p1_to0p8_then_graphene_pull_v1\kerogen_bulk0p1_to0p8_then_graphene_pull_v1\00_INPUT\kero_ATP.itp,PASS
kero_C095,kerogen,PASS,PASS,0.355,0.317984,F:\MD\kerogen_bulk0p1_to0p8_then_graphene_pull_v1\kerogen_bulk0p1_to0p8_then_graphene_pull_v1\00_INPUT\kero_ATP.itp,PASS
kero_C097,kerogen,PASS,PASS,0.35,0.276144,F:\MD\kerogen_bulk0p1_to0p8_then_graphene_pull_v1\kerogen_bulk0p1_to0p8_then_graphene_pull_v1\00_INPUT\kero_ATP.itp,PASS
kero_C098,kerogen,PASS,PASS,0.35,0.276144,F:\MD\kerogen_bulk0p1_to0p8_then_graphene_pull_v1\kerogen_bulk0p1_to0p8_then_graphene_pull_v1\00_INPUT\kero_ATP.itp,PASS
kero_C099,kerogen,PASS,PASS,0.35,0.276144,F:\MD\kerogen_bulk0p1_to0p8_then_graphene_pull_v1\kerogen_bulk0p1_to0p8_then_graphene_pull_v1\00_INPUT\kero_ATP.itp,PASS
kero_C0A2,kerogen,PASS,PASS,0.355,0.29288,F:\MD\kerogen_bulk0p1_to0p8_then_graphene_pull_v1\kerogen_bulk0p1_to0p8_then_graphene_pull_v1\00_INPUT\kero_ATP.itp,PASS
kero_C0A3,kerogen,PASS,PASS,0.355,0.29288,F:\MD\kerogen_bulk0p1_to0p8_then_graphene_pull_v1\kerogen_bulk0p1_to0p8_then_graphene_pull_v1\00_INPUT\kero_ATP.itp,PASS
kero_C0A4,kerogen,PASS,PASS,0.355,0.29288,F:\MD\kerogen_bulk0p1_to0p8_then_graphene_pull_v1\kerogen_bulk0p1_to0p8_then_graphene_pull_v1\00_INPUT\kero_ATP.itp,PASS
kero_C0A5,kerogen,PASS,PASS,0.355,0.29288,F:\MD\kerogen_bulk0p1_to0p8_then_graphene_pull_v1\kerogen_bulk0p1_to0p8_then_graphene_pull_v1\00_INPUT\kero_ATP.itp,PASS
kero_C0A6,kerogen,PASS,PASS,0.355,0.29288,F:\MD\kerogen_bulk0p1_to0p8_then_graphene_pull_v1\kerogen_bulk0p1_to0p8_then_graphene_pull_v1\00_INPUT\kero_ATP.itp,PASS
kero_C0A7,kerogen,PASS,PASS,0.355,0.29288,F:\MD\kerogen_bulk0p1_to0p8_then_graphene_pull_v1\kerogen_bulk0p1_to0p8_then_graphene_pull_v1\00_INPUT\kero_ATP.itp,PASS
kero_C0A8,kerogen,PASS,PASS,0.355,0.29288,F:\MD\kerogen_bulk0p1_to0p8_then_graphene_pull_v1\kerogen_bulk0p1_to0p8_then_graphene_pull_v1\00_INPUT\kero_ATP.itp,PASS
kero_C0A9,kerogen,PASS,PASS,0.355,0.29288,F:\MD\kerogen_bulk0p1_to0p8_then_graphene_pull_v1\kerogen_bulk0p1_to0p8_then_graphene_pull_v1\00_INPUT\kero_ATP.itp,PASS
kero_C0AA,kerogen,PASS,PASS,0.355,0.29288,F:\MD\kerogen_bulk0p1_to0p8_then_graphene_pull_v1\kerogen_bulk0p1_to0p8_then_graphene_pull_v1\00_INPUT\kero_ATP.itp,PASS
kero_C0AB,kerogen,PASS,PASS,0.355,0.29288,F:\MD\kerogen_bulk0p1_to0p8_then_graphene_pull_v1\kerogen_bulk0p1_to0p8_then_graphene_pull_v1\00_INPUT\kero_ATP.itp,PASS
kero_C0AC,kerogen,PASS,PASS,0.355,0.29288,F:\MD\kerogen_bulk0p1_to0p8_then_graphene_pull_v1\kerogen_bulk0p1_to0p8_then_graphene_pull_v1\00_INPUT\kero_ATP.itp,PASS
kero_C0AD,kerogen,PASS,PASS,0.355,0.29288,F:\MD\kerogen_bulk0p1_to0p8_then_graphene_pull_v1\kerogen_bulk0p1_to0p8_then_graphene_pull_v1\00_INPUT\kero_ATP.itp,PASS
kero_C0AE,kerogen,PASS,PASS,0.355,0.29288,F:\MD\kerogen_bulk0p1_to0p8_then_graphene_pull_v1\kerogen_bulk0p1_to0p8_then_graphene_pull_v1\00_INPUT\kero_ATP.itp,PASS
kero_C0AF,kerogen,PASS,PASS,0.355,0.29288,F:\MD\kerogen_bulk0p1_to0p8_then_graphene_pull_v1\kerogen_bulk0p1_to0p8_then_graphene_pull_v1\00_INPUT\kero_ATP.itp,PASS
kero_C0B1,kerogen,PASS,PASS,0.355,0.29288,F:\MD\kerogen_bulk0p1_to0p8_then_graphene_pull_v1\kerogen_bulk0p1_to0p8_then_graphene_pull_v1\00_INPUT\kero_ATP.itp,PASS
kero_C0B2,kerogen,PASS,PASS,0.355,0.29288,F:\MD\kerogen_bulk0p1_to0p8_then_graphene_pull_v1\kerogen_bulk0p1_to0p8_then_graphene_pull_v1\00_INPUT\kero_ATP.itp,PASS
kero_C0B4,kerogen,PASS,PASS,0.355,0.29288,F:\MD\kerogen_bulk0p1_to0p8_then_graphene_pull_v1\kerogen_bulk0p1_to0p8_then_graphene_pull_v1\00_INPUT\kero_ATP.itp,PASS
kero_C0B5,kerogen,PASS,PASS,0.355,0.29288,F:\MD\kerogen_bulk0p1_to0p8_then_graphene_pull_v1\kerogen_bulk0p1_to0p8_then_graphene_pull_v1\00_INPUT\kero_ATP.itp,PASS
kero_C0B6,kerogen,PASS,PASS,0.355,0.29288,F:\MD\kerogen_bulk0p1_to0p8_then_graphene_pull_v1\kerogen_bulk0p1_to0p8_then_graphene_pull_v1\00_INPUT\kero_ATP.itp,PASS
kero_C0B7,kerogen,PASS,PASS,0.35,0.276144,F:\MD\kerogen_bulk0p1_to0p8_then_graphene_pull_v1\kerogen_bulk0p1_to0p8_then_graphene_pull_v1\00_INPUT\kero_ATP.itp,PASS
kero_C0B8,kerogen,PASS,PASS,0.35,0.276144,F:\MD\kerogen_bulk0p1_to0p8_then_graphene_pull_v1\kerogen_bulk0p1_to0p8_then_graphene_pull_v1\00_INPUT\kero_ATP.itp,PASS
kero_C0B9,kerogen,PASS,PASS,0.35,0.276144,F:\MD\kerogen_bulk0p1_to0p8_then_graphene_pull_v1\kerogen_bulk0p1_to0p8_then_graphene_pull_v1\00_INPUT\kero_ATP.itp,PASS
kero_C0C3,kerogen,PASS,PASS,0.35,0.276144,F:\MD\kerogen_bulk0p1_to0p8_then_graphene_pull_v1\kerogen_bulk0p1_to0p8_then_graphene_pull_v1\00_INPUT\kero_ATP.itp,PASS
kero_C0C4,kerogen,PASS,PASS,0.35,0.276144,F:\MD\kerogen_bulk0p1_to0p8_then_graphene_pull_v1\kerogen_bulk0p1_to0p8_then_graphene_pull_v1\00_INPUT\kero_ATP.itp,PASS
kero_C0C5,kerogen,PASS,PASS,0.35,0.276144,F:\MD\kerogen_bulk0p1_to0p8_then_graphene_pull_v1\kerogen_bulk0p1_to0p8_then_graphene_pull_v1\00_INPUT\kero_ATP.itp,PASS
kero_C0CC,kerogen,PASS,PASS,0.35,0.276144,F:\MD\kerogen_bulk0p1_to0p8_then_graphene_pull_v1\kerogen_bulk0p1_to0p8_then_graphene_pull_v1\00_INPUT\kero_ATP.itp,PASS
kero_C0CD,kerogen,PASS,PASS,0.35,0.276144,F:\MD\kerogen_bulk0p1_to0p8_then_graphene_pull_v1\kerogen_bulk0p1_to0p8_then_graphene_pull_v1\00_INPUT\kero_ATP.itp,PASS
kero_C0CE,kerogen,PASS,PASS,0.35,0.276144,F:\MD\kerogen_bulk0p1_to0p8_then_graphene_pull_v1\kerogen_bulk0p1_to0p8_then_graphene_pull_v1\00_INPUT\kero_ATP.itp,PASS
kero_C0CF,kerogen,PASS,PASS,0.35,0.276144,F:\MD\kerogen_bulk0p1_to0p8_then_graphene_pull_v1\kerogen_bulk0p1_to0p8_then_graphene_pull_v1\00_INPUT\kero_ATP.itp,PASS
kero_C0D7,kerogen,PASS,PASS,0.355,0.29288,F:\MD\kerogen_bulk0p1_to0p8_then_graphene_pull_v1\kerogen_bulk0p1_to0p8_then_graphene_pull_v1\00_INPUT\kero_ATP.itp,PASS
kero_C0D8,kerogen,PASS,PASS,0.355,0.29288,F:\MD\kerogen_bulk0p1_to0p8_then_graphene_pull_v1\kerogen_bulk0p1_to0p8_then_graphene_pull_v1\00_INPUT\kero_ATP.itp,PASS
kero_C0D9,kerogen,PASS,PASS,0.355,0.29288,F:\MD\kerogen_bulk0p1_to0p8_then_graphene_pull_v1\kerogen_bulk0p1_to0p8_then_graphene_pull_v1\00_INPUT\kero_ATP.itp,PASS
kero_C0DA,kerogen,PASS,PASS,0.355,0.29288,F:\MD\kerogen_bulk0p1_to0p8_then_graphene_pull_v1\kerogen_bulk0p1_to0p8_then_graphene_pull_v1\00_INPUT\kero_ATP.itp,PASS
kero_C0DB,kerogen,PASS,PASS,0.355,0.29288,F:\MD\kerogen_bulk0p1_to0p8_then_graphene_pull_v1\kerogen_bulk0p1_to0p8_then_graphene_pull_v1\00_INPUT\kero_ATP.itp,PASS
kero_C0DC,kerogen,PASS,PASS,0.355,0.29288,F:\MD\kerogen_bulk0p1_to0p8_then_graphene_pull_v1\kerogen_bulk0p1_to0p8_then_graphene_pull_v1\00_INPUT\kero_ATP.itp,PASS
kero_C0DD,kerogen,PASS,PASS,0.355,0.29288,F:\MD\kerogen_bulk0p1_to0p8_then_graphene_pull_v1\kerogen_bulk0p1_to0p8_then_graphene_pull_v1\00_INPUT\kero_ATP.itp,PASS
kero_C0DE,kerogen,PASS,PASS,0.355,0.29288,F:\MD\kerogen_bulk0p1_to0p8_then_graphene_pull_v1\kerogen_bulk0p1_to0p8_then_graphene_pull_v1\00_INPUT\kero_ATP.itp,PASS
kero_C0DF,kerogen,PASS,PASS,0.355,0.29288,F:\MD\kerogen_bulk0p1_to0p8_then_graphene_pull_v1\kerogen_bulk0p1_to0p8_then_graphene_pull_v1\00_INPUT\kero_ATP.itp,PASS
kero_C0E0,kerogen,PASS,PASS,0.355,0.29288,F:\MD\kerogen_bulk0p1_to0p8_then_graphene_pull_v1\kerogen_bulk0p1_to0p8_then_graphene_pull_v1\00_INPUT\kero_ATP.itp,PASS
kero_C0E1,kerogen,PASS,PASS,0.355,0.29288,F:\MD\kerogen_bulk0p1_to0p8_then_graphene_pull_v1\kerogen_bulk0p1_to0p8_then_graphene_pull_v1\00_INPUT\kero_ATP.itp,PASS
kero_C0E2,kerogen,PASS,PASS,0.355,0.29288,F:\MD\kerogen_bulk0p1_to0p8_then_graphene_pull_v1\kerogen_bulk0p1_to0p8_then_graphene_pull_v1\00_INPUT\kero_ATP.itp,PASS
kero_C0E3,kerogen,PASS,PASS,0.355,0.29288,F:\MD\kerogen_bulk0p1_to0p8_then_graphene_pull_v1\kerogen_bulk0p1_to0p8_then_graphene_pull_v1\00_INPUT\kero_ATP.itp,PASS
kero_C0E4,kerogen,PASS,PASS,0.355,0.29288,F:\MD\kerogen_bulk0p1_to0p8_then_graphene_pull_v1\kerogen_bulk0p1_to0p8_then_graphene_pull_v1\00_INPUT\kero_ATP.itp,PASS
kero_C0E6,kerogen,PASS,PASS,0.355,0.29288,F:\MD\kerogen_bulk0p1_to0p8_then_graphene_pull_v1\kerogen_bulk0p1_to0p8_then_graphene_pull_v1\00_INPUT\kero_ATP.itp,PASS
kero_C0E7,kerogen,PASS,PASS,0.355,0.29288,F:\MD\kerogen_bulk0p1_to0p8_then_graphene_pull_v1\kerogen_bulk0p1_to0p8_then_graphene_pull_v1\00_INPUT\kero_ATP.itp,PASS
kero_C0E8,kerogen,PASS,PASS,0.355,0.29288,F:\MD\kerogen_bulk0p1_to0p8_then_graphene_pull_v1\kerogen_bulk0p1_to0p8_then_graphene_pull_v1\00_INPUT\kero_ATP.itp,PASS
kero_C0E9,kerogen,PASS,PASS,0.355,0.29288,F:\MD\kerogen_bulk0p1_to0p8_then_graphene_pull_v1\kerogen_bulk0p1_to0p8_then_graphene_pull_v1\00_INPUT\kero_ATP.itp,PASS
kero_C0EA,kerogen,PASS,PASS,0.355,0.29288,F:\MD\kerogen_bulk0p1_to0p8_then_graphene_pull_v1\kerogen_bulk0p1_to0p8_then_graphene_pull_v1\00_INPUT\kero_ATP.itp,PASS
kero_C0EB,kerogen,PASS,PASS,0.355,0.29288,F:\MD\kerogen_bulk0p1_to0p8_then_graphene_pull_v1\kerogen_bulk0p1_to0p8_then_graphene_pull_v1\00_INPUT\kero_ATP.itp,PASS
kero_C0EC,kerogen,PASS,PASS,0.355,0.29288,F:\MD\kerogen_bulk0p1_to0p8_then_graphene_pull_v1\kerogen_bulk0p1_to0p8_then_graphene_pull_v1\00_INPUT\kero_ATP.itp,PASS
kero_C0ED,kerogen,PASS,PASS,0.355,0.29288,F:\MD\kerogen_bulk0p1_to0p8_then_graphene_pull_v1\kerogen_bulk0p1_to0p8_then_graphene_pull_v1\00_INPUT\kero_ATP.itp,PASS
kero_C0EE,kerogen,PASS,PASS,0.355,0.29288,F:\MD\kerogen_bulk0p1_to0p8_then_graphene_pull_v1\kerogen_bulk0p1_to0p8_then_graphene_pull_v1\00_INPUT\kero_ATP.itp,PASS
kero_C0EF,kerogen,PASS,PASS,0.355,0.29288,F:\MD\kerogen_bulk0p1_to0p8_then_graphene_pull_v1\kerogen_bulk0p1_to0p8_then_graphene_pull_v1\00_INPUT\kero_ATP.itp,PASS
kero_C0F0,kerogen,PASS,PASS,0.35,0.276144,F:\MD\kerogen_bulk0p1_to0p8_then_graphene_pull_v1\kerogen_bulk0p1_to0p8_then_graphene_pull_v1\00_INPUT\kero_ATP.itp,PASS
kero_C0F3,kerogen,PASS,PASS,0.355,0.29288,F:\MD\kerogen_bulk0p1_to0p8_then_graphene_pull_v1\kerogen_bulk0p1_to0p8_then_graphene_pull_v1\00_INPUT\kero_ATP.itp,PASS
kero_C0F7,kerogen,PASS,PASS,0.35,0.276144,F:\MD\kerogen_bulk0p1_to0p8_then_graphene_pull_v1\kerogen_bulk0p1_to0p8_then_graphene_pull_v1\00_INPUT\kero_ATP.itp,PASS
kero_C0F8,kerogen,PASS,PASS,0.35,0.276144,F:\MD\kerogen_bulk0p1_to0p8_then_graphene_pull_v1\kerogen_bulk0p1_to0p8_then_graphene_pull_v1\00_INPUT\kero_ATP.itp,PASS
kero_C0FB,kerogen,PASS,PASS,0.35,0.276144,F:\MD\kerogen_bulk0p1_to0p8_then_graphene_pull_v1\kerogen_bulk0p1_to0p8_then_graphene_pull_v1\00_INPUT\kero_ATP.itp,PASS
kero_C0FD,kerogen,PASS,PASS,0.35,0.276144,F:\MD\kerogen_bulk0p1_to0p8_then_graphene_pull_v1\kerogen_bulk0p1_to0p8_then_graphene_pull_v1\00_INPUT\kero_ATP.itp,PASS
kero_C0FE,kerogen,PASS,PASS,0.35,0.276144,F:\MD\kerogen_bulk0p1_to0p8_then_graphene_pull_v1\kerogen_bulk0p1_to0p8_then_graphene_pull_v1\00_INPUT\kero_ATP.itp,PASS
kero_C0FF,kerogen,PASS,PASS,0.35,0.276144,F:\MD\kerogen_bulk0p1_to0p8_then_graphene_pull_v1\kerogen_bulk0p1_to0p8_then_graphene_pull_v1\00_INPUT\kero_ATP.itp,PASS
kero_C106,kerogen,PASS,PASS,0.355,0.29288,F:\MD\kerogen_bulk0p1_to0p8_then_graphene_pull_v1\kerogen_bulk0p1_to0p8_then_graphene_pull_v1\00_INPUT\kero_ATP.itp,PASS
kero_C107,kerogen,PASS,PASS,0.355,0.29288,F:\MD\kerogen_bulk0p1_to0p8_then_graphene_pull_v1\kerogen_bulk0p1_to0p8_then_graphene_pull_v1\00_INPUT\kero_ATP.itp,PASS
kero_C108,kerogen,PASS,PASS,0.355,0.29288,F:\MD\kerogen_bulk0p1_to0p8_then_graphene_pull_v1\kerogen_bulk0p1_to0p8_then_graphene_pull_v1\00_INPUT\kero_ATP.itp,PASS
kero_C109,kerogen,PASS,PASS,0.355,0.29288,F:\MD\kerogen_bulk0p1_to0p8_then_graphene_pull_v1\kerogen_bulk0p1_to0p8_then_graphene_pull_v1\00_INPUT\kero_ATP.itp,PASS
kero_C10A,kerogen,PASS,PASS,0.355,0.29288,F:\MD\kerogen_bulk0p1_to0p8_then_graphene_pull_v1\kerogen_bulk0p1_to0p8_then_graphene_pull_v1\00_INPUT\kero_ATP.itp,PASS
kero_C10B,kerogen,PASS,PASS,0.355,0.29288,F:\MD\kerogen_bulk0p1_to0p8_then_graphene_pull_v1\kerogen_bulk0p1_to0p8_then_graphene_pull_v1\00_INPUT\kero_ATP.itp,PASS
kero_C10D,kerogen,PASS,PASS,0.355,0.29288,F:\MD\kerogen_bulk0p1_to0p8_then_graphene_pull_v1\kerogen_bulk0p1_to0p8_then_graphene_pull_v1\00_INPUT\kero_ATP.itp,PASS
kero_C10E,kerogen,PASS,PASS,0.355,0.29288,F:\MD\kerogen_bulk0p1_to0p8_then_graphene_pull_v1\kerogen_bulk0p1_to0p8_then_graphene_pull_v1\00_INPUT\kero_ATP.itp,PASS
kero_C10F,kerogen,PASS,PASS,0.35,0.276144,F:\MD\kerogen_bulk0p1_to0p8_then_graphene_pull_v1\kerogen_bulk0p1_to0p8_then_graphene_pull_v1\00_INPUT\kero_ATP.itp,PASS
kero_C112,kerogen,PASS,PASS,0.35,0.276144,F:\MD\kerogen_bulk0p1_to0p8_then_graphene_pull_v1\kerogen_bulk0p1_to0p8_then_graphene_pull_v1\00_INPUT\kero_ATP.itp,PASS
kero_C113,kerogen,PASS,PASS,0.35,0.276144,F:\MD\kerogen_bulk0p1_to0p8_then_graphene_pull_v1\kerogen_bulk0p1_to0p8_then_graphene_pull_v1\00_INPUT\kero_ATP.itp,PASS
kero_C114,kerogen,PASS,PASS,0.35,0.276144,F:\MD\kerogen_bulk0p1_to0p8_then_graphene_pull_v1\kerogen_bulk0p1_to0p8_then_graphene_pull_v1\00_INPUT\kero_ATP.itp,PASS
kero_C115,kerogen,PASS,PASS,0.35,0.276144,F:\MD\kerogen_bulk0p1_to0p8_then_graphene_pull_v1\kerogen_bulk0p1_to0p8_then_graphene_pull_v1\00_INPUT\kero_ATP.itp,PASS
kero_C116,kerogen,PASS,PASS,0.35,0.276144,F:\MD\kerogen_bulk0p1_to0p8_then_graphene_pull_v1\kerogen_bulk0p1_to0p8_then_graphene_pull_v1\00_INPUT\kero_ATP.itp,PASS
kero_C117,kerogen,PASS,PASS,0.355,0.29288,F:\MD\kerogen_bulk0p1_to0p8_then_graphene_pull_v1\kerogen_bulk0p1_to0p8_then_graphene_pull_v1\00_INPUT\kero_ATP.itp,PASS
kero_C118,kerogen,PASS,PASS,0.355,0.29288,F:\MD\kerogen_bulk0p1_to0p8_then_graphene_pull_v1\kerogen_bulk0p1_to0p8_then_graphene_pull_v1\00_INPUT\kero_ATP.itp,PASS
kero_C119,kerogen,PASS,PASS,0.355,0.29288,F:\MD\kerogen_bulk0p1_to0p8_then_graphene_pull_v1\kerogen_bulk0p1_to0p8_then_graphene_pull_v1\00_INPUT\kero_ATP.itp,PASS
kero_C11A,kerogen,PASS,PASS,0.355,0.29288,F:\MD\kerogen_bulk0p1_to0p8_then_graphene_pull_v1\kerogen_bulk0p1_to0p8_then_graphene_pull_v1\00_INPUT\kero_ATP.itp,PASS
kero_C11B,kerogen,PASS,PASS,0.355,0.29288,F:\MD\kerogen_bulk0p1_to0p8_then_graphene_pull_v1\kerogen_bulk0p1_to0p8_then_graphene_pull_v1\00_INPUT\kero_ATP.itp,PASS
kero_C11C,kerogen,PASS,PASS,0.355,0.29288,F:\MD\kerogen_bulk0p1_to0p8_then_graphene_pull_v1\kerogen_bulk0p1_to0p8_then_graphene_pull_v1\00_INPUT\kero_ATP.itp,PASS
kero_C11D,kerogen,PASS,PASS,0.355,0.29288,F:\MD\kerogen_bulk0p1_to0p8_then_graphene_pull_v1\kerogen_bulk0p1_to0p8_then_graphene_pull_v1\00_INPUT\kero_ATP.itp,PASS
kero_C11E,kerogen,PASS,PASS,0.355,0.29288,F:\MD\kerogen_bulk0p1_to0p8_then_graphene_pull_v1\kerogen_bulk0p1_to0p8_then_graphene_pull_v1\00_INPUT\kero_ATP.itp,PASS
kero_C11F,kerogen,PASS,PASS,0.355,0.29288,F:\MD\kerogen_bulk0p1_to0p8_then_graphene_pull_v1\kerogen_bulk0p1_to0p8_then_graphene_pull_v1\00_INPUT\kero_ATP.itp,PASS
kero_C120,kerogen,PASS,PASS,0.355,0.29288,F:\MD\kerogen_bulk0p1_to0p8_then_graphene_pull_v1\kerogen_bulk0p1_to0p8_then_graphene_pull_v1\00_INPUT\kero_ATP.itp,PASS
kero_C122,kerogen,PASS,PASS,0.35,0.276144,F:\MD\kerogen_bulk0p1_to0p8_then_graphene_pull_v1\kerogen_bulk0p1_to0p8_then_graphene_pull_v1\00_INPUT\kero_ATP.itp,PASS
kero_C123,kerogen,PASS,PASS,0.35,0.276144,F:\MD\kerogen_bulk0p1_to0p8_then_graphene_pull_v1\kerogen_bulk0p1_to0p8_then_graphene_pull_v1\00_INPUT\kero_ATP.itp,PASS
kero_C124,kerogen,PASS,PASS,0.35,0.276144,F:\MD\kerogen_bulk0p1_to0p8_then_graphene_pull_v1\kerogen_bulk0p1_to0p8_then_graphene_pull_v1\00_INPUT\kero_ATP.itp,PASS
kero_C125,kerogen,PASS,PASS,0.35,0.276144,F:\MD\kerogen_bulk0p1_to0p8_then_graphene_pull_v1\kerogen_bulk0p1_to0p8_then_graphene_pull_v1\00_INPUT\kero_ATP.itp,PASS
kero_C12D,kerogen,PASS,PASS,0.355,0.29288,F:\MD\kerogen_bulk0p1_to0p8_then_graphene_pull_v1\kerogen_bulk0p1_to0p8_then_graphene_pull_v1\00_INPUT\kero_ATP.itp,PASS
kero_C136,kerogen,PASS,PASS,0.355,0.29288,F:\MD\kerogen_bulk0p1_to0p8_then_graphene_pull_v1\kerogen_bulk0p1_to0p8_then_graphene_pull_v1\00_INPUT\kero_ATP.itp,PASS
kero_C137,kerogen,PASS,PASS,0.355,0.29288,F:\MD\kerogen_bulk0p1_to0p8_then_graphene_pull_v1\kerogen_bulk0p1_to0p8_then_graphene_pull_v1\00_INPUT\kero_ATP.itp,PASS
kero_C138,kerogen,PASS,PASS,0.355,0.29288,F:\MD\kerogen_bulk0p1_to0p8_then_graphene_pull_v1\kerogen_bulk0p1_to0p8_then_graphene_pull_v1\00_INPUT\kero_ATP.itp,PASS
kero_C139,kerogen,PASS,PASS,0.355,0.29288,F:\MD\kerogen_bulk0p1_to0p8_then_graphene_pull_v1\kerogen_bulk0p1_to0p8_then_graphene_pull_v1\00_INPUT\kero_ATP.itp,PASS
kero_C13A,kerogen,PASS,PASS,0.355,0.29288,F:\MD\kerogen_bulk0p1_to0p8_then_graphene_pull_v1\kerogen_bulk0p1_to0p8_then_graphene_pull_v1\00_INPUT\kero_ATP.itp,PASS
kero_C13E,kerogen,PASS,PASS,0.355,0.29288,F:\MD\kerogen_bulk0p1_to0p8_then_graphene_pull_v1\kerogen_bulk0p1_to0p8_then_graphene_pull_v1\00_INPUT\kero_ATP.itp,PASS
kero_C13F,kerogen,PASS,PASS,0.355,0.29288,F:\MD\kerogen_bulk0p1_to0p8_then_graphene_pull_v1\kerogen_bulk0p1_to0p8_then_graphene_pull_v1\00_INPUT\kero_ATP.itp,PASS
kero_C140,kerogen,PASS,PASS,0.355,0.29288,F:\MD\kerogen_bulk0p1_to0p8_then_graphene_pull_v1\kerogen_bulk0p1_to0p8_then_graphene_pull_v1\00_INPUT\kero_ATP.itp,PASS
kero_C141,kerogen,PASS,PASS,0.355,0.29288,F:\MD\kerogen_bulk0p1_to0p8_then_graphene_pull_v1\kerogen_bulk0p1_to0p8_then_graphene_pull_v1\00_INPUT\kero_ATP.itp,PASS
kero_C142,kerogen,PASS,PASS,0.355,0.29288,F:\MD\kerogen_bulk0p1_to0p8_then_graphene_pull_v1\kerogen_bulk0p1_to0p8_then_graphene_pull_v1\00_INPUT\kero_ATP.itp,PASS
kero_C143,kerogen,PASS,PASS,0.355,0.29288,F:\MD\kerogen_bulk0p1_to0p8_then_graphene_pull_v1\kerogen_bulk0p1_to0p8_then_graphene_pull_v1\00_INPUT\kero_ATP.itp,PASS
kero_C144,kerogen,PASS,PASS,0.355,0.29288,F:\MD\kerogen_bulk0p1_to0p8_then_graphene_pull_v1\kerogen_bulk0p1_to0p8_then_graphene_pull_v1\00_INPUT\kero_ATP.itp,PASS
kero_C145,kerogen,PASS,PASS,0.355,0.29288,F:\MD\kerogen_bulk0p1_to0p8_then_graphene_pull_v1\kerogen_bulk0p1_to0p8_then_graphene_pull_v1\00_INPUT\kero_ATP.itp,PASS
kero_C147,kerogen,PASS,PASS,0.35,0.276144,F:\MD\kerogen_bulk0p1_to0p8_then_graphene_pull_v1\kerogen_bulk0p1_to0p8_then_graphene_pull_v1\00_INPUT\kero_ATP.itp,PASS
kero_C148,kerogen,PASS,PASS,0.35,0.276144,F:\MD\kerogen_bulk0p1_to0p8_then_graphene_pull_v1\kerogen_bulk0p1_to0p8_then_graphene_pull_v1\00_INPUT\kero_ATP.itp,PASS
kero_C149,kerogen,PASS,PASS,0.35,0.276144,F:\MD\kerogen_bulk0p1_to0p8_then_graphene_pull_v1\kerogen_bulk0p1_to0p8_then_graphene_pull_v1\00_INPUT\kero_ATP.itp,PASS
kero_C153,kerogen,PASS,PASS,0.35,0.276144,F:\MD\kerogen_bulk0p1_to0p8_then_graphene_pull_v1\kerogen_bulk0p1_to0p8_then_graphene_pull_v1\00_INPUT\kero_ATP.itp,PASS
kero_C154,kerogen,PASS,PASS,0.35,0.276144,F:\MD\kerogen_bulk0p1_to0p8_then_graphene_pull_v1\kerogen_bulk0p1_to0p8_then_graphene_pull_v1\00_INPUT\kero_ATP.itp,PASS
kero_C155,kerogen,PASS,PASS,0.35,0.276144,F:\MD\kerogen_bulk0p1_to0p8_then_graphene_pull_v1\kerogen_bulk0p1_to0p8_then_graphene_pull_v1\00_INPUT\kero_ATP.itp,PASS
kero_C15D,kerogen,PASS,PASS,0.355,0.29288,F:\MD\kerogen_bulk0p1_to0p8_then_graphene_pull_v1\kerogen_bulk0p1_to0p8_then_graphene_pull_v1\00_INPUT\kero_ATP.itp,PASS
kero_C168,kerogen,PASS,PASS,0.35,0.276144,F:\MD\kerogen_bulk0p1_to0p8_then_graphene_pull_v1\kerogen_bulk0p1_to0p8_then_graphene_pull_v1\00_INPUT\kero_ATP.itp,PASS
kero_C169,kerogen,PASS,PASS,0.35,0.276144,F:\MD\kerogen_bulk0p1_to0p8_then_graphene_pull_v1\kerogen_bulk0p1_to0p8_then_graphene_pull_v1\00_INPUT\kero_ATP.itp,PASS
kero_C16A,kerogen,PASS,PASS,0.35,0.276144,F:\MD\kerogen_bulk0p1_to0p8_then_graphene_pull_v1\kerogen_bulk0p1_to0p8_then_graphene_pull_v1\00_INPUT\kero_ATP.itp,PASS
kero_C16B,kerogen,PASS,PASS,0.35,0.276144,F:\MD\kerogen_bulk0p1_to0p8_then_graphene_pull_v1\kerogen_bulk0p1_to0p8_then_graphene_pull_v1\00_INPUT\kero_ATP.itp,PASS
kero_C172,kerogen,PASS,PASS,0.35,0.276144,F:\MD\kerogen_bulk0p1_to0p8_then_graphene_pull_v1\kerogen_bulk0p1_to0p8_then_graphene_pull_v1\00_INPUT\kero_ATP.itp,PASS
kero_C173,kerogen,PASS,PASS,0.35,0.276144,F:\MD\kerogen_bulk0p1_to0p8_then_graphene_pull_v1\kerogen_bulk0p1_to0p8_then_graphene_pull_v1\00_INPUT\kero_ATP.itp,PASS
kero_C174,kerogen,PASS,PASS,0.35,0.276144,F:\MD\kerogen_bulk0p1_to0p8_then_graphene_pull_v1\kerogen_bulk0p1_to0p8_then_graphene_pull_v1\00_INPUT\kero_ATP.itp,PASS
kero_C17D,kerogen,PASS,PASS,0.35,0.276144,F:\MD\kerogen_bulk0p1_to0p8_then_graphene_pull_v1\kerogen_bulk0p1_to0p8_then_graphene_pull_v1\00_INPUT\kero_ATP.itp,PASS
kero_C17E,kerogen,PASS,PASS,0.35,0.276144,F:\MD\kerogen_bulk0p1_to0p8_then_graphene_pull_v1\kerogen_bulk0p1_to0p8_then_graphene_pull_v1\00_INPUT\kero_ATP.itp,PASS
kero_C17F,kerogen,PASS,PASS,0.35,0.276144,F:\MD\kerogen_bulk0p1_to0p8_then_graphene_pull_v1\kerogen_bulk0p1_to0p8_then_graphene_pull_v1\00_INPUT\kero_ATP.itp,PASS
kero_C188,kerogen,PASS,PASS,0.355,0.29288,F:\MD\kerogen_bulk0p1_to0p8_then_graphene_pull_v1\kerogen_bulk0p1_to0p8_then_graphene_pull_v1\00_INPUT\kero_ATP.itp,PASS
kero_C18B,kerogen,PASS,PASS,0.35,0.276144,F:\MD\kerogen_bulk0p1_to0p8_then_graphene_pull_v1\kerogen_bulk0p1_to0p8_then_graphene_pull_v1\00_INPUT\kero_ATP.itp,PASS
kero_C18E,kerogen,PASS,PASS,0.35,0.276144,F:\MD\kerogen_bulk0p1_to0p8_then_graphene_pull_v1\kerogen_bulk0p1_to0p8_then_graphene_pull_v1\00_INPUT\kero_ATP.itp,PASS
kero_C192,kerogen,PASS,PASS,0.35,0.276144,F:\MD\kerogen_bulk0p1_to0p8_then_graphene_pull_v1\kerogen_bulk0p1_to0p8_then_graphene_pull_v1\00_INPUT\kero_ATP.itp,PASS
kero_C196,kerogen,PASS,PASS,0.35,0.276144,F:\MD\kerogen_bulk0p1_to0p8_then_graphene_pull_v1\kerogen_bulk0p1_to0p8_then_graphene_pull_v1\00_INPUT\kero_ATP.itp,PASS
kero_C197,kerogen,PASS,PASS,0.35,0.276144,F:\MD\kerogen_bulk0p1_to0p8_then_graphene_pull_v1\kerogen_bulk0p1_to0p8_then_graphene_pull_v1\00_INPUT\kero_ATP.itp,PASS
kero_C198,kerogen,PASS,PASS,0.35,0.276144,F:\MD\kerogen_bulk0p1_to0p8_then_graphene_pull_v1\kerogen_bulk0p1_to0p8_then_graphene_pull_v1\00_INPUT\kero_ATP.itp,PASS
kero_C199,kerogen,PASS,PASS,0.35,0.276144,F:\MD\kerogen_bulk0p1_to0p8_then_graphene_pull_v1\kerogen_bulk0p1_to0p8_then_graphene_pull_v1\00_INPUT\kero_ATP.itp,PASS
kero_C19A,kerogen,PASS,PASS,0.35,0.276144,F:\MD\kerogen_bulk0p1_to0p8_then_graphene_pull_v1\kerogen_bulk0p1_to0p8_then_graphene_pull_v1\00_INPUT\kero_ATP.itp,PASS
kero_C1A2,kerogen,PASS,PASS,0.35,0.276144,F:\MD\kerogen_bulk0p1_to0p8_then_graphene_pull_v1\kerogen_bulk0p1_to0p8_then_graphene_pull_v1\00_INPUT\kero_ATP.itp,PASS
kero_C1A7,kerogen,PASS,PASS,0.35,0.276144,F:\MD\kerogen_bulk0p1_to0p8_then_graphene_pull_v1\kerogen_bulk0p1_to0p8_then_graphene_pull_v1\00_INPUT\kero_ATP.itp,PASS
kero_C1A8,kerogen,PASS,PASS,0.35,0.276144,F:\MD\kerogen_bulk0p1_to0p8_then_graphene_pull_v1\kerogen_bulk0p1_to0p8_then_graphene_pull_v1\00_INPUT\kero_ATP.itp,PASS
kero_C1AE,kerogen,PASS,PASS,0.35,0.276144,F:\MD\kerogen_bulk0p1_to0p8_then_graphene_pull_v1\kerogen_bulk0p1_to0p8_then_graphene_pull_v1\00_INPUT\kero_ATP.itp,PASS
kero_C1B1,kerogen,PASS,PASS,0.35,0.276144,F:\MD\kerogen_bulk0p1_to0p8_then_graphene_pull_v1\kerogen_bulk0p1_to0p8_then_graphene_pull_v1\00_INPUT\kero_ATP.itp,PASS
kero_C1B4,kerogen,PASS,PASS,0.35,0.276144,F:\MD\kerogen_bulk0p1_to0p8_then_graphene_pull_v1\kerogen_bulk0p1_to0p8_then_graphene_pull_v1\00_INPUT\kero_ATP.itp,PASS
kero_C1B6,kerogen,PASS,PASS,0.35,0.276144,F:\MD\kerogen_bulk0p1_to0p8_then_graphene_pull_v1\kerogen_bulk0p1_to0p8_then_graphene_pull_v1\00_INPUT\kero_ATP.itp,PASS
kero_C1BA,kerogen,PASS,PASS,0.35,0.276144,F:\MD\kerogen_bulk0p1_to0p8_then_graphene_pull_v1\kerogen_bulk0p1_to0p8_then_graphene_pull_v1\00_INPUT\kero_ATP.itp,PASS
kero_C1BD,kerogen,PASS,PASS,0.35,0.276144,F:\MD\kerogen_bulk0p1_to0p8_then_graphene_pull_v1\kerogen_bulk0p1_to0p8_then_graphene_pull_v1\00_INPUT\kero_ATP.itp,PASS
kero_C1C1,kerogen,PASS,PASS,0.35,0.276144,F:\MD\kerogen_bulk0p1_to0p8_then_graphene_pull_v1\kerogen_bulk0p1_to0p8_then_graphene_pull_v1\00_INPUT\kero_ATP.itp,PASS
kero_C1C5,kerogen,PASS,PASS,0.35,0.276144,F:\MD\kerogen_bulk0p1_to0p8_then_graphene_pull_v1\kerogen_bulk0p1_to0p8_then_graphene_pull_v1\00_INPUT\kero_ATP.itp,PASS
kero_C1C8,kerogen,PASS,PASS,0.35,0.276144,F:\MD\kerogen_bulk0p1_to0p8_then_graphene_pull_v1\kerogen_bulk0p1_to0p8_then_graphene_pull_v1\00_INPUT\kero_ATP.itp,PASS
kero_C1CB,kerogen,PASS,PASS,0.35,0.276144,F:\MD\kerogen_bulk0p1_to0p8_then_graphene_pull_v1\kerogen_bulk0p1_to0p8_then_graphene_pull_v1\00_INPUT\kero_ATP.itp,PASS
kero_C1CC,kerogen,PASS,PASS,0.35,0.276144,F:\MD\kerogen_bulk0p1_to0p8_then_graphene_pull_v1\kerogen_bulk0p1_to0p8_then_graphene_pull_v1\00_INPUT\kero_ATP.itp,PASS
kero_C1D1,kerogen,PASS,PASS,0.35,0.276144,F:\MD\kerogen_bulk0p1_to0p8_then_graphene_pull_v1\kerogen_bulk0p1_to0p8_then_graphene_pull_v1\00_INPUT\kero_ATP.itp,PASS
kero_C1D4,kerogen,PASS,PASS,0.35,0.276144,F:\MD\kerogen_bulk0p1_to0p8_then_graphene_pull_v1\kerogen_bulk0p1_to0p8_then_graphene_pull_v1\00_INPUT\kero_ATP.itp,PASS
kero_C1DB,kerogen,PASS,PASS,0.355,0.29288,F:\MD\kerogen_bulk0p1_to0p8_then_graphene_pull_v1\kerogen_bulk0p1_to0p8_then_graphene_pull_v1\00_INPUT\kero_ATP.itp,PASS
kero_C1DD,kerogen,PASS,PASS,0.35,0.276144,F:\MD\kerogen_bulk0p1_to0p8_then_graphene_pull_v1\kerogen_bulk0p1_to0p8_then_graphene_pull_v1\00_INPUT\kero_ATP.itp,PASS
kero_C1DE,kerogen,PASS,PASS,0.355,0.29288,F:\MD\kerogen_bulk0p1_to0p8_then_graphene_pull_v1\kerogen_bulk0p1_to0p8_then_graphene_pull_v1\00_INPUT\kero_ATP.itp,PASS
kero_H013,kerogen,PASS,PASS,0,0,F:\MD\kerogen_bulk0p1_to0p8_then_graphene_pull_v1\kerogen_bulk0p1_to0p8_then_graphene_pull_v1\00_INPUT\kero_ATP.itp,PASS
kero_H015,kerogen,PASS,PASS,0.242,0.12552,F:\MD\kerogen_bulk0p1_to0p8_then_graphene_pull_v1\kerogen_bulk0p1_to0p8_then_graphene_pull_v1\00_INPUT\kero_ATP.itp,PASS
kero_H016,kerogen,PASS,PASS,0.242,0.12552,F:\MD\kerogen_bulk0p1_to0p8_then_graphene_pull_v1\kerogen_bulk0p1_to0p8_then_graphene_pull_v1\00_INPUT\kero_ATP.itp,PASS
kero_H017,kerogen,PASS,PASS,0.242,0.12552,F:\MD\kerogen_bulk0p1_to0p8_then_graphene_pull_v1\kerogen_bulk0p1_to0p8_then_graphene_pull_v1\00_INPUT\kero_ATP.itp,PASS
kero_H018,kerogen,PASS,PASS,0.242,0.12552,F:\MD\kerogen_bulk0p1_to0p8_then_graphene_pull_v1\kerogen_bulk0p1_to0p8_then_graphene_pull_v1\00_INPUT\kero_ATP.itp,PASS
kero_H019,kerogen,PASS,PASS,0.242,0.12552,F:\MD\kerogen_bulk0p1_to0p8_then_graphene_pull_v1\kerogen_bulk0p1_to0p8_then_graphene_pull_v1\00_INPUT\kero_ATP.itp,PASS
kero_H01A,kerogen,PASS,PASS,0.242,0.12552,F:\MD\kerogen_bulk0p1_to0p8_then_graphene_pull_v1\kerogen_bulk0p1_to0p8_then_graphene_pull_v1\00_INPUT\kero_ATP.itp,PASS
kero_H01B,kerogen,PASS,PASS,0.242,0.12552,F:\MD\kerogen_bulk0p1_to0p8_then_graphene_pull_v1\kerogen_bulk0p1_to0p8_then_graphene_pull_v1\00_INPUT\kero_ATP.itp,PASS
kero_H022,kerogen,PASS,PASS,0.25,0.12552,F:\MD\kerogen_bulk0p1_to0p8_then_graphene_pull_v1\kerogen_bulk0p1_to0p8_then_graphene_pull_v1\00_INPUT\kero_ATP.itp,PASS
kero_H023,kerogen,PASS,PASS,0.25,0.12552,F:\MD\kerogen_bulk0p1_to0p8_then_graphene_pull_v1\kerogen_bulk0p1_to0p8_then_graphene_pull_v1\00_INPUT\kero_ATP.itp,PASS
kero_H024,kerogen,PASS,PASS,0.25,0.12552,F:\MD\kerogen_bulk0p1_to0p8_then_graphene_pull_v1\kerogen_bulk0p1_to0p8_then_graphene_pull_v1\00_INPUT\kero_ATP.itp,PASS
kero_H025,kerogen,PASS,PASS,0.25,0.12552,F:\MD\kerogen_bulk0p1_to0p8_then_graphene_pull_v1\kerogen_bulk0p1_to0p8_then_graphene_pull_v1\00_INPUT\kero_ATP.itp,PASS
kero_H026,kerogen,PASS,PASS,0.25,0.12552,F:\MD\kerogen_bulk0p1_to0p8_then_graphene_pull_v1\kerogen_bulk0p1_to0p8_then_graphene_pull_v1\00_INPUT\kero_ATP.itp,PASS
kero_H027,kerogen,PASS,PASS,0.25,0.12552,F:\MD\kerogen_bulk0p1_to0p8_then_graphene_pull_v1\kerogen_bulk0p1_to0p8_then_graphene_pull_v1\00_INPUT\kero_ATP.itp,PASS
kero_H028,kerogen,PASS,PASS,0.25,0.12552,F:\MD\kerogen_bulk0p1_to0p8_then_graphene_pull_v1\kerogen_bulk0p1_to0p8_then_graphene_pull_v1\00_INPUT\kero_ATP.itp,PASS
kero_H029,kerogen,PASS,PASS,0.25,0.12552,F:\MD\kerogen_bulk0p1_to0p8_then_graphene_pull_v1\kerogen_bulk0p1_to0p8_then_graphene_pull_v1\00_INPUT\kero_ATP.itp,PASS
kero_H03B,kerogen,PASS,PASS,0.242,0.12552,F:\MD\kerogen_bulk0p1_to0p8_then_graphene_pull_v1\kerogen_bulk0p1_to0p8_then_graphene_pull_v1\00_INPUT\kero_ATP.itp,PASS
kero_H041,kerogen,PASS,PASS,0.242,0.12552,F:\MD\kerogen_bulk0p1_to0p8_then_graphene_pull_v1\kerogen_bulk0p1_to0p8_then_graphene_pull_v1\00_INPUT\kero_ATP.itp,PASS
kero_H044,kerogen,PASS,PASS,0.25,0.12552,F:\MD\kerogen_bulk0p1_to0p8_then_graphene_pull_v1\kerogen_bulk0p1_to0p8_then_graphene_pull_v1\00_INPUT\kero_ATP.itp,PASS
kero_H045,kerogen,PASS,PASS,0.25,0.12552,F:\MD\kerogen_bulk0p1_to0p8_then_graphene_pull_v1\kerogen_bulk0p1_to0p8_then_graphene_pull_v1\00_INPUT\kero_ATP.itp,PASS
kero_H046,kerogen,PASS,PASS,0.25,0.12552,F:\MD\kerogen_bulk0p1_to0p8_then_graphene_pull_v1\kerogen_bulk0p1_to0p8_then_graphene_pull_v1\00_INPUT\kero_ATP.itp,PASS
kero_H047,kerogen,PASS,PASS,0.25,0.12552,F:\MD\kerogen_bulk0p1_to0p8_then_graphene_pull_v1\kerogen_bulk0p1_to0p8_then_graphene_pull_v1\00_INPUT\kero_ATP.itp,PASS
kero_H050,kerogen,PASS,PASS,0.25,0.12552,F:\MD\kerogen_bulk0p1_to0p8_then_graphene_pull_v1\kerogen_bulk0p1_to0p8_then_graphene_pull_v1\00_INPUT\kero_ATP.itp,PASS
kero_H051,kerogen,PASS,PASS,0.25,0.12552,F:\MD\kerogen_bulk0p1_to0p8_then_graphene_pull_v1\kerogen_bulk0p1_to0p8_then_graphene_pull_v1\00_INPUT\kero_ATP.itp,PASS
kero_H052,kerogen,PASS,PASS,0.25,0.12552,F:\MD\kerogen_bulk0p1_to0p8_then_graphene_pull_v1\kerogen_bulk0p1_to0p8_then_graphene_pull_v1\00_INPUT\kero_ATP.itp,PASS
kero_H053,kerogen,PASS,PASS,0.25,0.12552,F:\MD\kerogen_bulk0p1_to0p8_then_graphene_pull_v1\kerogen_bulk0p1_to0p8_then_graphene_pull_v1\00_INPUT\kero_ATP.itp,PASS
kero_H054,kerogen,PASS,PASS,0.25,0.12552,F:\MD\kerogen_bulk0p1_to0p8_then_graphene_pull_v1\kerogen_bulk0p1_to0p8_then_graphene_pull_v1\00_INPUT\kero_ATP.itp,PASS
kero_H055,kerogen,PASS,PASS,0.242,0.12552,F:\MD\kerogen_bulk0p1_to0p8_then_graphene_pull_v1\kerogen_bulk0p1_to0p8_then_graphene_pull_v1\00_INPUT\kero_ATP.itp,PASS
kero_H05D,kerogen,PASS,PASS,0.25,0.12552,F:\MD\kerogen_bulk0p1_to0p8_then_graphene_pull_v1\kerogen_bulk0p1_to0p8_then_graphene_pull_v1\00_INPUT\kero_ATP.itp,PASS
kero_H05E,kerogen,PASS,PASS,0.25,0.12552,F:\MD\kerogen_bulk0p1_to0p8_then_graphene_pull_v1\kerogen_bulk0p1_to0p8_then_graphene_pull_v1\00_INPUT\kero_ATP.itp,PASS
kero_H05F,kerogen,PASS,PASS,0.25,0.12552,F:\MD\kerogen_bulk0p1_to0p8_then_graphene_pull_v1\kerogen_bulk0p1_to0p8_then_graphene_pull_v1\00_INPUT\kero_ATP.itp,PASS
kero_H060,kerogen,PASS,PASS,0.25,0.12552,F:\MD\kerogen_bulk0p1_to0p8_then_graphene_pull_v1\kerogen_bulk0p1_to0p8_then_graphene_pull_v1\00_INPUT\kero_ATP.itp,PASS
kero_H061,kerogen,PASS,PASS,0.25,0.12552,F:\MD\kerogen_bulk0p1_to0p8_then_graphene_pull_v1\kerogen_bulk0p1_to0p8_then_graphene_pull_v1\00_INPUT\kero_ATP.itp,PASS
kero_H062,kerogen,PASS,PASS,0.25,0.12552,F:\MD\kerogen_bulk0p1_to0p8_then_graphene_pull_v1\kerogen_bulk0p1_to0p8_then_graphene_pull_v1\00_INPUT\kero_ATP.itp,PASS
kero_H063,kerogen,PASS,PASS,0.25,0.12552,F:\MD\kerogen_bulk0p1_to0p8_then_graphene_pull_v1\kerogen_bulk0p1_to0p8_then_graphene_pull_v1\00_INPUT\kero_ATP.itp,PASS
kero_H064,kerogen,PASS,PASS,0.25,0.12552,F:\MD\kerogen_bulk0p1_to0p8_then_graphene_pull_v1\kerogen_bulk0p1_to0p8_then_graphene_pull_v1\00_INPUT\kero_ATP.itp,PASS
kero_H065,kerogen,PASS,PASS,0.25,0.12552,F:\MD\kerogen_bulk0p1_to0p8_then_graphene_pull_v1\kerogen_bulk0p1_to0p8_then_graphene_pull_v1\00_INPUT\kero_ATP.itp,PASS
kero_H069,kerogen,PASS,PASS,0.25,0.12552,F:\MD\kerogen_bulk0p1_to0p8_then_graphene_pull_v1\kerogen_bulk0p1_to0p8_then_graphene_pull_v1\00_INPUT\kero_ATP.itp,PASS
kero_H06A,kerogen,PASS,PASS,0.25,0.12552,F:\MD\kerogen_bulk0p1_to0p8_then_graphene_pull_v1\kerogen_bulk0p1_to0p8_then_graphene_pull_v1\00_INPUT\kero_ATP.itp,PASS
kero_H06B,kerogen,PASS,PASS,0.25,0.12552,F:\MD\kerogen_bulk0p1_to0p8_then_graphene_pull_v1\kerogen_bulk0p1_to0p8_then_graphene_pull_v1\00_INPUT\kero_ATP.itp,PASS
kero_H06C,kerogen,PASS,PASS,0.25,0.12552,F:\MD\kerogen_bulk0p1_to0p8_then_graphene_pull_v1\kerogen_bulk0p1_to0p8_then_graphene_pull_v1\00_INPUT\kero_ATP.itp,PASS
kero_H06D,kerogen,PASS,PASS,0.25,0.12552,F:\MD\kerogen_bulk0p1_to0p8_then_graphene_pull_v1\kerogen_bulk0p1_to0p8_then_graphene_pull_v1\00_INPUT\kero_ATP.itp,PASS
kero_H071,kerogen,PASS,PASS,0.25,0.12552,F:\MD\kerogen_bulk0p1_to0p8_then_graphene_pull_v1\kerogen_bulk0p1_to0p8_then_graphene_pull_v1\00_INPUT\kero_ATP.itp,PASS
kero_H075,kerogen,PASS,PASS,0.242,0.06276,F:\MD\kerogen_bulk0p1_to0p8_then_graphene_pull_v1\kerogen_bulk0p1_to0p8_then_graphene_pull_v1\00_INPUT\kero_ATP.itp,PASS
kero_H076,kerogen,PASS,PASS,0.242,0.06276,F:\MD\kerogen_bulk0p1_to0p8_then_graphene_pull_v1\kerogen_bulk0p1_to0p8_then_graphene_pull_v1\00_INPUT\kero_ATP.itp,PASS
kero_H077,kerogen,PASS,PASS,0.242,0.06276,F:\MD\kerogen_bulk0p1_to0p8_then_graphene_pull_v1\kerogen_bulk0p1_to0p8_then_graphene_pull_v1\00_INPUT\kero_ATP.itp,PASS
kero_H086,kerogen,PASS,PASS,0,0,F:\MD\kerogen_bulk0p1_to0p8_then_graphene_pull_v1\kerogen_bulk0p1_to0p8_then_graphene_pull_v1\00_INPUT\kero_ATP.itp,PASS
kero_H08D,kerogen,PASS,PASS,0.242,0.12552,F:\MD\kerogen_bulk0p1_to0p8_then_graphene_pull_v1\kerogen_bulk0p1_to0p8_then_graphene_pull_v1\00_INPUT\kero_ATP.itp,PASS
kero_H08E,kerogen,PASS,PASS,0.242,0.12552,F:\MD\kerogen_bulk0p1_to0p8_then_graphene_pull_v1\kerogen_bulk0p1_to0p8_then_graphene_pull_v1\00_INPUT\kero_ATP.itp,PASS
kero_H08F,kerogen,PASS,PASS,0.242,0.12552,F:\MD\kerogen_bulk0p1_to0p8_then_graphene_pull_v1\kerogen_bulk0p1_to0p8_then_graphene_pull_v1\00_INPUT\kero_ATP.itp,PASS
kero_H090,kerogen,PASS,PASS,0.242,0.12552,F:\MD\kerogen_bulk0p1_to0p8_then_graphene_pull_v1\kerogen_bulk0p1_to0p8_then_graphene_pull_v1\00_INPUT\kero_ATP.itp,PASS
kero_H091,kerogen,PASS,PASS,0.242,0.12552,F:\MD\kerogen_bulk0p1_to0p8_then_graphene_pull_v1\kerogen_bulk0p1_to0p8_then_graphene_pull_v1\00_INPUT\kero_ATP.itp,PASS
kero_H09A,kerogen,PASS,PASS,0.25,0.12552,F:\MD\kerogen_bulk0p1_to0p8_then_graphene_pull_v1\kerogen_bulk0p1_to0p8_then_graphene_pull_v1\00_INPUT\kero_ATP.itp,PASS
kero_H09B,kerogen,PASS,PASS,0.25,0.12552,F:\MD\kerogen_bulk0p1_to0p8_then_graphene_pull_v1\kerogen_bulk0p1_to0p8_then_graphene_pull_v1\00_INPUT\kero_ATP.itp,PASS
kero_H09C,kerogen,PASS,PASS,0.25,0.12552,F:\MD\kerogen_bulk0p1_to0p8_then_graphene_pull_v1\kerogen_bulk0p1_to0p8_then_graphene_pull_v1\00_INPUT\kero_ATP.itp,PASS
kero_H09D,kerogen,PASS,PASS,0.242,0.06276,F:\MD\kerogen_bulk0p1_to0p8_then_graphene_pull_v1\kerogen_bulk0p1_to0p8_then_graphene_pull_v1\00_INPUT\kero_ATP.itp,PASS
kero_H09E,kerogen,PASS,PASS,0.242,0.06276,F:\MD\kerogen_bulk0p1_to0p8_then_graphene_pull_v1\kerogen_bulk0p1_to0p8_then_graphene_pull_v1\00_INPUT\kero_ATP.itp,PASS
kero_H09F,kerogen,PASS,PASS,0.25,0.12552,F:\MD\kerogen_bulk0p1_to0p8_then_graphene_pull_v1\kerogen_bulk0p1_to0p8_then_graphene_pull_v1\00_INPUT\kero_ATP.itp,PASS
kero_H0A0,kerogen,PASS,PASS,0.25,0.12552,F:\MD\kerogen_bulk0p1_to0p8_then_graphene_pull_v1\kerogen_bulk0p1_to0p8_then_graphene_pull_v1\00_INPUT\kero_ATP.itp,PASS
kero_H0A1,kerogen,PASS,PASS,0.25,0.12552,F:\MD\kerogen_bulk0p1_to0p8_then_graphene_pull_v1\kerogen_bulk0p1_to0p8_then_graphene_pull_v1\00_INPUT\kero_ATP.itp,PASS
kero_H0B0,kerogen,PASS,PASS,0.242,0.12552,F:\MD\kerogen_bulk0p1_to0p8_then_graphene_pull_v1\kerogen_bulk0p1_to0p8_then_graphene_pull_v1\00_INPUT\kero_ATP.itp,PASS
kero_H0BA,kerogen,PASS,PASS,0.25,0.12552,F:\MD\kerogen_bulk0p1_to0p8_then_graphene_pull_v1\kerogen_bulk0p1_to0p8_then_graphene_pull_v1\00_INPUT\kero_ATP.itp,PASS
kero_H0BB,kerogen,PASS,PASS,0.25,0.12552,F:\MD\kerogen_bulk0p1_to0p8_then_graphene_pull_v1\kerogen_bulk0p1_to0p8_then_graphene_pull_v1\00_INPUT\kero_ATP.itp,PASS
kero_H0BC,kerogen,PASS,PASS,0.25,0.12552,F:\MD\kerogen_bulk0p1_to0p8_then_graphene_pull_v1\kerogen_bulk0p1_to0p8_then_graphene_pull_v1\00_INPUT\kero_ATP.itp,PASS
kero_H0BD,kerogen,PASS,PASS,0.25,0.12552,F:\MD\kerogen_bulk0p1_to0p8_then_graphene_pull_v1\kerogen_bulk0p1_to0p8_then_graphene_pull_v1\00_INPUT\kero_ATP.itp,PASS
kero_H0BE,kerogen,PASS,PASS,0.25,0.12552,F:\MD\kerogen_bulk0p1_to0p8_then_graphene_pull_v1\kerogen_bulk0p1_to0p8_then_graphene_pull_v1\00_INPUT\kero_ATP.itp,PASS
kero_H0BF,kerogen,PASS,PASS,0.242,0.12552,F:\MD\kerogen_bulk0p1_to0p8_then_graphene_pull_v1\kerogen_bulk0p1_to0p8_then_graphene_pull_v1\00_INPUT\kero_ATP.itp,PASS
kero_H0C0,kerogen,PASS,PASS,0.242,0.12552,F:\MD\kerogen_bulk0p1_to0p8_then_graphene_pull_v1\kerogen_bulk0p1_to0p8_then_graphene_pull_v1\00_INPUT\kero_ATP.itp,PASS
kero_H0C1,kerogen,PASS,PASS,0.242,0.12552,F:\MD\kerogen_bulk0p1_to0p8_then_graphene_pull_v1\kerogen_bulk0p1_to0p8_then_graphene_pull_v1\00_INPUT\kero_ATP.itp,PASS
kero_H0C2,kerogen,PASS,PASS,0.242,0.12552,F:\MD\kerogen_bulk0p1_to0p8_then_graphene_pull_v1\kerogen_bulk0p1_to0p8_then_graphene_pull_v1\00_INPUT\kero_ATP.itp,PASS
kero_H0C6,kerogen,PASS,PASS,0.25,0.12552,F:\MD\kerogen_bulk0p1_to0p8_then_graphene_pull_v1\kerogen_bulk0p1_to0p8_then_graphene_pull_v1\00_INPUT\kero_ATP.itp,PASS
kero_H0C7,kerogen,PASS,PASS,0.25,0.12552,F:\MD\kerogen_bulk0p1_to0p8_then_graphene_pull_v1\kerogen_bulk0p1_to0p8_then_graphene_pull_v1\00_INPUT\kero_ATP.itp,PASS
kero_H0C8,kerogen,PASS,PASS,0.25,0.12552,F:\MD\kerogen_bulk0p1_to0p8_then_graphene_pull_v1\kerogen_bulk0p1_to0p8_then_graphene_pull_v1\00_INPUT\kero_ATP.itp,PASS
kero_H0C9,kerogen,PASS,PASS,0.25,0.12552,F:\MD\kerogen_bulk0p1_to0p8_then_graphene_pull_v1\kerogen_bulk0p1_to0p8_then_graphene_pull_v1\00_INPUT\kero_ATP.itp,PASS
kero_H0CA,kerogen,PASS,PASS,0.25,0.12552,F:\MD\kerogen_bulk0p1_to0p8_then_graphene_pull_v1\kerogen_bulk0p1_to0p8_then_graphene_pull_v1\00_INPUT\kero_ATP.itp,PASS
kero_H0D0,kerogen,PASS,PASS,0.25,0.12552,F:\MD\kerogen_bulk0p1_to0p8_then_graphene_pull_v1\kerogen_bulk0p1_to0p8_then_graphene_pull_v1\00_INPUT\kero_ATP.itp,PASS
kero_H0D1,kerogen,PASS,PASS,0.25,0.12552,F:\MD\kerogen_bulk0p1_to0p8_then_graphene_pull_v1\kerogen_bulk0p1_to0p8_then_graphene_pull_v1\00_INPUT\kero_ATP.itp,PASS
kero_H0D2,kerogen,PASS,PASS,0.25,0.12552,F:\MD\kerogen_bulk0p1_to0p8_then_graphene_pull_v1\kerogen_bulk0p1_to0p8_then_graphene_pull_v1\00_INPUT\kero_ATP.itp,PASS
kero_H0D3,kerogen,PASS,PASS,0.25,0.12552,F:\MD\kerogen_bulk0p1_to0p8_then_graphene_pull_v1\kerogen_bulk0p1_to0p8_then_graphene_pull_v1\00_INPUT\kero_ATP.itp,PASS
kero_H0D4,kerogen,PASS,PASS,0.25,0.12552,F:\MD\kerogen_bulk0p1_to0p8_then_graphene_pull_v1\kerogen_bulk0p1_to0p8_then_graphene_pull_v1\00_INPUT\kero_ATP.itp,PASS
kero_H0D5,kerogen,PASS,PASS,0.25,0.12552,F:\MD\kerogen_bulk0p1_to0p8_then_graphene_pull_v1\kerogen_bulk0p1_to0p8_then_graphene_pull_v1\00_INPUT\kero_ATP.itp,PASS
kero_H0D6,kerogen,PASS,PASS,0.25,0.12552,F:\MD\kerogen_bulk0p1_to0p8_then_graphene_pull_v1\kerogen_bulk0p1_to0p8_then_graphene_pull_v1\00_INPUT\kero_ATP.itp,PASS
kero_H0E5,kerogen,PASS,PASS,0.25,0.12552,F:\MD\kerogen_bulk0p1_to0p8_then_graphene_pull_v1\kerogen_bulk0p1_to0p8_then_graphene_pull_v1\00_INPUT\kero_ATP.itp,PASS
kero_H0F1,kerogen,PASS,PASS,0.25,0.12552,F:\MD\kerogen_bulk0p1_to0p8_then_graphene_pull_v1\kerogen_bulk0p1_to0p8_then_graphene_pull_v1\00_INPUT\kero_ATP.itp,PASS
kero_H0F2,kerogen,PASS,PASS,0.25,0.12552,F:\MD\kerogen_bulk0p1_to0p8_then_graphene_pull_v1\kerogen_bulk0p1_to0p8_then_graphene_pull_v1\00_INPUT\kero_ATP.itp,PASS
kero_H0F4,kerogen,PASS,PASS,0.242,0.12552,F:\MD\kerogen_bulk0p1_to0p8_then_graphene_pull_v1\kerogen_bulk0p1_to0p8_then_graphene_pull_v1\00_INPUT\kero_ATP.itp,PASS
kero_H0F5,kerogen,PASS,PASS,0.242,0.12552,F:\MD\kerogen_bulk0p1_to0p8_then_graphene_pull_v1\kerogen_bulk0p1_to0p8_then_graphene_pull_v1\00_INPUT\kero_ATP.itp,PASS
kero_H0F6,kerogen,PASS,PASS,0.242,0.12552,F:\MD\kerogen_bulk0p1_to0p8_then_graphene_pull_v1\kerogen_bulk0p1_to0p8_then_graphene_pull_v1\00_INPUT\kero_ATP.itp,PASS
kero_H0F9,kerogen,PASS,PASS,0.25,0.12552,F:\MD\kerogen_bulk0p1_to0p8_then_graphene_pull_v1\kerogen_bulk0p1_to0p8_then_graphene_pull_v1\00_INPUT\kero_ATP.itp,PASS
kero_H0FA,kerogen,PASS,PASS,0.25,0.12552,F:\MD\kerogen_bulk0p1_to0p8_then_graphene_pull_v1\kerogen_bulk0p1_to0p8_then_graphene_pull_v1\00_INPUT\kero_ATP.itp,PASS
kero_H100,kerogen,PASS,PASS,0.25,0.12552,F:\MD\kerogen_bulk0p1_to0p8_then_graphene_pull_v1\kerogen_bulk0p1_to0p8_then_graphene_pull_v1\00_INPUT\kero_ATP.itp,PASS
kero_H101,kerogen,PASS,PASS,0.25,0.12552,F:\MD\kerogen_bulk0p1_to0p8_then_graphene_pull_v1\kerogen_bulk0p1_to0p8_then_graphene_pull_v1\00_INPUT\kero_ATP.itp,PASS
kero_H102,kerogen,PASS,PASS,0.25,0.12552,F:\MD\kerogen_bulk0p1_to0p8_then_graphene_pull_v1\kerogen_bulk0p1_to0p8_then_graphene_pull_v1\00_INPUT\kero_ATP.itp,PASS
kero_H103,kerogen,PASS,PASS,0.25,0.12552,F:\MD\kerogen_bulk0p1_to0p8_then_graphene_pull_v1\kerogen_bulk0p1_to0p8_then_graphene_pull_v1\00_INPUT\kero_ATP.itp,PASS
kero_H104,kerogen,PASS,PASS,0.25,0.12552,F:\MD\kerogen_bulk0p1_to0p8_then_graphene_pull_v1\kerogen_bulk0p1_to0p8_then_graphene_pull_v1\00_INPUT\kero_ATP.itp,PASS
kero_H105,kerogen,PASS,PASS,0.25,0.12552,F:\MD\kerogen_bulk0p1_to0p8_then_graphene_pull_v1\kerogen_bulk0p1_to0p8_then_graphene_pull_v1\00_INPUT\kero_ATP.itp,PASS
kero_H110,kerogen,PASS,PASS,0.25,0.12552,F:\MD\kerogen_bulk0p1_to0p8_then_graphene_pull_v1\kerogen_bulk0p1_to0p8_then_graphene_pull_v1\00_INPUT\kero_ATP.itp,PASS
kero_H111,kerogen,PASS,PASS,0.25,0.12552,F:\MD\kerogen_bulk0p1_to0p8_then_graphene_pull_v1\kerogen_bulk0p1_to0p8_then_graphene_pull_v1\00_INPUT\kero_ATP.itp,PASS
kero_H126,kerogen,PASS,PASS,0.25,0.12552,F:\MD\kerogen_bulk0p1_to0p8_then_graphene_pull_v1\kerogen_bulk0p1_to0p8_then_graphene_pull_v1\00_INPUT\kero_ATP.itp,PASS
kero_H127,kerogen,PASS,PASS,0.25,0.12552,F:\MD\kerogen_bulk0p1_to0p8_then_graphene_pull_v1\kerogen_bulk0p1_to0p8_then_graphene_pull_v1\00_INPUT\kero_ATP.itp,PASS
kero_H128,kerogen,PASS,PASS,0.25,0.12552,F:\MD\kerogen_bulk0p1_to0p8_then_graphene_pull_v1\kerogen_bulk0p1_to0p8_then_graphene_pull_v1\00_INPUT\kero_ATP.itp,PASS
kero_H129,kerogen,PASS,PASS,0.25,0.12552,F:\MD\kerogen_bulk0p1_to0p8_then_graphene_pull_v1\kerogen_bulk0p1_to0p8_then_graphene_pull_v1\00_INPUT\kero_ATP.itp,PASS
kero_H12A,kerogen,PASS,PASS,0.25,0.12552,F:\MD\kerogen_bulk0p1_to0p8_then_graphene_pull_v1\kerogen_bulk0p1_to0p8_then_graphene_pull_v1\00_INPUT\kero_ATP.itp,PASS
kero_H12B,kerogen,PASS,PASS,0,0,F:\MD\kerogen_bulk0p1_to0p8_then_graphene_pull_v1\kerogen_bulk0p1_to0p8_then_graphene_pull_v1\00_INPUT\kero_ATP.itp,PASS
kero_H12C,kerogen,PASS,PASS,0.242,0.12552,F:\MD\kerogen_bulk0p1_to0p8_then_graphene_pull_v1\kerogen_bulk0p1_to0p8_then_graphene_pull_v1\00_INPUT\kero_ATP.itp,PASS
kero_H12E,kerogen,PASS,PASS,0.25,0.12552,F:\MD\kerogen_bulk0p1_to0p8_then_graphene_pull_v1\kerogen_bulk0p1_to0p8_then_graphene_pull_v1\00_INPUT\kero_ATP.itp,PASS
kero_H12F,kerogen,PASS,PASS,0.25,0.12552,F:\MD\kerogen_bulk0p1_to0p8_then_graphene_pull_v1\kerogen_bulk0p1_to0p8_then_graphene_pull_v1\00_INPUT\kero_ATP.itp,PASS
kero_H130,kerogen,PASS,PASS,0.25,0.12552,F:\MD\kerogen_bulk0p1_to0p8_then_graphene_pull_v1\kerogen_bulk0p1_to0p8_then_graphene_pull_v1\00_INPUT\kero_ATP.itp,PASS
kero_H131,kerogen,PASS,PASS,0.25,0.12552,F:\MD\kerogen_bulk0p1_to0p8_then_graphene_pull_v1\kerogen_bulk0p1_to0p8_then_graphene_pull_v1\00_INPUT\kero_ATP.itp,PASS
kero_H132,kerogen,PASS,PASS,0.25,0.12552,F:\MD\kerogen_bulk0p1_to0p8_then_graphene_pull_v1\kerogen_bulk0p1_to0p8_then_graphene_pull_v1\00_INPUT\kero_ATP.itp,PASS
kero_H133,kerogen,PASS,PASS,0.25,0.12552,F:\MD\kerogen_bulk0p1_to0p8_then_graphene_pull_v1\kerogen_bulk0p1_to0p8_then_graphene_pull_v1\00_INPUT\kero_ATP.itp,PASS
kero_H134,kerogen,PASS,PASS,0.25,0.12552,F:\MD\kerogen_bulk0p1_to0p8_then_graphene_pull_v1\kerogen_bulk0p1_to0p8_then_graphene_pull_v1\00_INPUT\kero_ATP.itp,PASS
kero_H135,kerogen,PASS,PASS,0.25,0.12552,F:\MD\kerogen_bulk0p1_to0p8_then_graphene_pull_v1\kerogen_bulk0p1_to0p8_then_graphene_pull_v1\00_INPUT\kero_ATP.itp,PASS
kero_H13B,kerogen,PASS,PASS,0.242,0.12552,F:\MD\kerogen_bulk0p1_to0p8_then_graphene_pull_v1\kerogen_bulk0p1_to0p8_then_graphene_pull_v1\00_INPUT\kero_ATP.itp,PASS
kero_H13C,kerogen,PASS,PASS,0.242,0.12552,F:\MD\kerogen_bulk0p1_to0p8_then_graphene_pull_v1\kerogen_bulk0p1_to0p8_then_graphene_pull_v1\00_INPUT\kero_ATP.itp,PASS
kero_H13D,kerogen,PASS,PASS,0.242,0.12552,F:\MD\kerogen_bulk0p1_to0p8_then_graphene_pull_v1\kerogen_bulk0p1_to0p8_then_graphene_pull_v1\00_INPUT\kero_ATP.itp,PASS
kero_H146,kerogen,PASS,PASS,0.242,0.12552,F:\MD\kerogen_bulk0p1_to0p8_then_graphene_pull_v1\kerogen_bulk0p1_to0p8_then_graphene_pull_v1\00_INPUT\kero_ATP.itp,PASS
kero_H14A,kerogen,PASS,PASS,0.25,0.12552,F:\MD\kerogen_bulk0p1_to0p8_then_graphene_pull_v1\kerogen_bulk0p1_to0p8_then_graphene_pull_v1\00_INPUT\kero_ATP.itp,PASS
kero_H14B,kerogen,PASS,PASS,0.25,0.12552,F:\MD\kerogen_bulk0p1_to0p8_then_graphene_pull_v1\kerogen_bulk0p1_to0p8_then_graphene_pull_v1\00_INPUT\kero_ATP.itp,PASS
kero_H14C,kerogen,PASS,PASS,0.25,0.12552,F:\MD\kerogen_bulk0p1_to0p8_then_graphene_pull_v1\kerogen_bulk0p1_to0p8_then_graphene_pull_v1\00_INPUT\kero_ATP.itp,PASS
kero_H14D,kerogen,PASS,PASS,0.25,0.12552,F:\MD\kerogen_bulk0p1_to0p8_then_graphene_pull_v1\kerogen_bulk0p1_to0p8_then_graphene_pull_v1\00_INPUT\kero_ATP.itp,PASS
kero_H14E,kerogen,PASS,PASS,0.25,0.12552,F:\MD\kerogen_bulk0p1_to0p8_then_graphene_pull_v1\kerogen_bulk0p1_to0p8_then_graphene_pull_v1\00_INPUT\kero_ATP.itp,PASS
kero_H14F,kerogen,PASS,PASS,0.25,0.12552,F:\MD\kerogen_bulk0p1_to0p8_then_graphene_pull_v1\kerogen_bulk0p1_to0p8_then_graphene_pull_v1\00_INPUT\kero_ATP.itp,PASS
kero_H150,kerogen,PASS,PASS,0.242,0.12552,F:\MD\kerogen_bulk0p1_to0p8_then_graphene_pull_v1\kerogen_bulk0p1_to0p8_then_graphene_pull_v1\00_INPUT\kero_ATP.itp,PASS
kero_H151,kerogen,PASS,PASS,0.25,0.12552,F:\MD\kerogen_bulk0p1_to0p8_then_graphene_pull_v1\kerogen_bulk0p1_to0p8_then_graphene_pull_v1\00_INPUT\kero_ATP.itp,PASS
kero_H156,kerogen,PASS,PASS,0.25,0.12552,F:\MD\kerogen_bulk0p1_to0p8_then_graphene_pull_v1\kerogen_bulk0p1_to0p8_then_graphene_pull_v1\00_INPUT\kero_ATP.itp,PASS
kero_H157,kerogen,PASS,PASS,0.25,0.12552,F:\MD\kerogen_bulk0p1_to0p8_then_graphene_pull_v1\kerogen_bulk0p1_to0p8_then_graphene_pull_v1\00_INPUT\kero_ATP.itp,PASS
kero_H158,kerogen,PASS,PASS,0.25,0.12552,F:\MD\kerogen_bulk0p1_to0p8_then_graphene_pull_v1\kerogen_bulk0p1_to0p8_then_graphene_pull_v1\00_INPUT\kero_ATP.itp,PASS
kero_H159,kerogen,PASS,PASS,0.25,0.12552,F:\MD\kerogen_bulk0p1_to0p8_then_graphene_pull_v1\kerogen_bulk0p1_to0p8_then_graphene_pull_v1\00_INPUT\kero_ATP.itp,PASS
kero_H15A,kerogen,PASS,PASS,0.25,0.12552,F:\MD\kerogen_bulk0p1_to0p8_then_graphene_pull_v1\kerogen_bulk0p1_to0p8_then_graphene_pull_v1\00_INPUT\kero_ATP.itp,PASS
kero_H15B,kerogen,PASS,PASS,0.25,0.12552,F:\MD\kerogen_bulk0p1_to0p8_then_graphene_pull_v1\kerogen_bulk0p1_to0p8_then_graphene_pull_v1\00_INPUT\kero_ATP.itp,PASS
kero_H15C,kerogen,PASS,PASS,0.25,0.12552,F:\MD\kerogen_bulk0p1_to0p8_then_graphene_pull_v1\kerogen_bulk0p1_to0p8_then_graphene_pull_v1\00_INPUT\kero_ATP.itp,PASS
kero_H15E,kerogen,PASS,PASS,0.242,0.12552,F:\MD\kerogen_bulk0p1_to0p8_then_graphene_pull_v1\kerogen_bulk0p1_to0p8_then_graphene_pull_v1\00_INPUT\kero_ATP.itp,PASS
kero_H15F,kerogen,PASS,PASS,0.25,0.12552,F:\MD\kerogen_bulk0p1_to0p8_then_graphene_pull_v1\kerogen_bulk0p1_to0p8_then_graphene_pull_v1\00_INPUT\kero_ATP.itp,PASS
kero_H160,kerogen,PASS,PASS,0.25,0.12552,F:\MD\kerogen_bulk0p1_to0p8_then_graphene_pull_v1\kerogen_bulk0p1_to0p8_then_graphene_pull_v1\00_INPUT\kero_ATP.itp,PASS
kero_H161,kerogen,PASS,PASS,0.25,0.12552,F:\MD\kerogen_bulk0p1_to0p8_then_graphene_pull_v1\kerogen_bulk0p1_to0p8_then_graphene_pull_v1\00_INPUT\kero_ATP.itp,PASS
kero_H162,kerogen,PASS,PASS,0.25,0.12552,F:\MD\kerogen_bulk0p1_to0p8_then_graphene_pull_v1\kerogen_bulk0p1_to0p8_then_graphene_pull_v1\00_INPUT\kero_ATP.itp,PASS
kero_H163,kerogen,PASS,PASS,0.25,0.12552,F:\MD\kerogen_bulk0p1_to0p8_then_graphene_pull_v1\kerogen_bulk0p1_to0p8_then_graphene_pull_v1\00_INPUT\kero_ATP.itp,PASS
kero_H164,kerogen,PASS,PASS,0.25,0.12552,F:\MD\kerogen_bulk0p1_to0p8_then_graphene_pull_v1\kerogen_bulk0p1_to0p8_then_graphene_pull_v1\00_INPUT\kero_ATP.itp,PASS
kero_H165,kerogen,PASS,PASS,0.25,0.12552,F:\MD\kerogen_bulk0p1_to0p8_then_graphene_pull_v1\kerogen_bulk0p1_to0p8_then_graphene_pull_v1\00_INPUT\kero_ATP.itp,PASS
kero_H166,kerogen,PASS,PASS,0.25,0.12552,F:\MD\kerogen_bulk0p1_to0p8_then_graphene_pull_v1\kerogen_bulk0p1_to0p8_then_graphene_pull_v1\00_INPUT\kero_ATP.itp,PASS
kero_H167,kerogen,PASS,PASS,0.25,0.12552,F:\MD\kerogen_bulk0p1_to0p8_then_graphene_pull_v1\kerogen_bulk0p1_to0p8_then_graphene_pull_v1\00_INPUT\kero_ATP.itp,PASS
kero_H16C,kerogen,PASS,PASS,0.25,0.12552,F:\MD\kerogen_bulk0p1_to0p8_then_graphene_pull_v1\kerogen_bulk0p1_to0p8_then_graphene_pull_v1\00_INPUT\kero_ATP.itp,PASS
kero_H16D,kerogen,PASS,PASS,0.25,0.12552,F:\MD\kerogen_bulk0p1_to0p8_then_graphene_pull_v1\kerogen_bulk0p1_to0p8_then_graphene_pull_v1\00_INPUT\kero_ATP.itp,PASS
kero_H16E,kerogen,PASS,PASS,0.25,0.12552,F:\MD\kerogen_bulk0p1_to0p8_then_graphene_pull_v1\kerogen_bulk0p1_to0p8_then_graphene_pull_v1\00_INPUT\kero_ATP.itp,PASS
kero_H16F,kerogen,PASS,PASS,0.25,0.12552,F:\MD\kerogen_bulk0p1_to0p8_then_graphene_pull_v1\kerogen_bulk0p1_to0p8_then_graphene_pull_v1\00_INPUT\kero_ATP.itp,PASS
kero_H170,kerogen,PASS,PASS,0.25,0.12552,F:\MD\kerogen_bulk0p1_to0p8_then_graphene_pull_v1\kerogen_bulk0p1_to0p8_then_graphene_pull_v1\00_INPUT\kero_ATP.itp,PASS
kero_H171,kerogen,PASS,PASS,0.25,0.12552,F:\MD\kerogen_bulk0p1_to0p8_then_graphene_pull_v1\kerogen_bulk0p1_to0p8_then_graphene_pull_v1\00_INPUT\kero_ATP.itp,PASS
kero_H175,kerogen,PASS,PASS,0.25,0.12552,F:\MD\kerogen_bulk0p1_to0p8_then_graphene_pull_v1\kerogen_bulk0p1_to0p8_then_graphene_pull_v1\00_INPUT\kero_ATP.itp,PASS
kero_H176,kerogen,PASS,PASS,0.25,0.12552,F:\MD\kerogen_bulk0p1_to0p8_then_graphene_pull_v1\kerogen_bulk0p1_to0p8_then_graphene_pull_v1\00_INPUT\kero_ATP.itp,PASS
kero_H177,kerogen,PASS,PASS,0.25,0.12552,F:\MD\kerogen_bulk0p1_to0p8_then_graphene_pull_v1\kerogen_bulk0p1_to0p8_then_graphene_pull_v1\00_INPUT\kero_ATP.itp,PASS
kero_H178,kerogen,PASS,PASS,0.25,0.12552,F:\MD\kerogen_bulk0p1_to0p8_then_graphene_pull_v1\kerogen_bulk0p1_to0p8_then_graphene_pull_v1\00_INPUT\kero_ATP.itp,PASS
kero_H179,kerogen,PASS,PASS,0.25,0.12552,F:\MD\kerogen_bulk0p1_to0p8_then_graphene_pull_v1\kerogen_bulk0p1_to0p8_then_graphene_pull_v1\00_INPUT\kero_ATP.itp,PASS
kero_H17A,kerogen,PASS,PASS,0.25,0.12552,F:\MD\kerogen_bulk0p1_to0p8_then_graphene_pull_v1\kerogen_bulk0p1_to0p8_then_graphene_pull_v1\00_INPUT\kero_ATP.itp,PASS
kero_H17B,kerogen,PASS,PASS,0.25,0.12552,F:\MD\kerogen_bulk0p1_to0p8_then_graphene_pull_v1\kerogen_bulk0p1_to0p8_then_graphene_pull_v1\00_INPUT\kero_ATP.itp,PASS
kero_H17C,kerogen,PASS,PASS,0.25,0.12552,F:\MD\kerogen_bulk0p1_to0p8_then_graphene_pull_v1\kerogen_bulk0p1_to0p8_then_graphene_pull_v1\00_INPUT\kero_ATP.itp,PASS
kero_H180,kerogen,PASS,PASS,0.25,0.12552,F:\MD\kerogen_bulk0p1_to0p8_then_graphene_pull_v1\kerogen_bulk0p1_to0p8_then_graphene_pull_v1\00_INPUT\kero_ATP.itp,PASS
kero_H181,kerogen,PASS,PASS,0.25,0.12552,F:\MD\kerogen_bulk0p1_to0p8_then_graphene_pull_v1\kerogen_bulk0p1_to0p8_then_graphene_pull_v1\00_INPUT\kero_ATP.itp,PASS
kero_H182,kerogen,PASS,PASS,0.25,0.12552,F:\MD\kerogen_bulk0p1_to0p8_then_graphene_pull_v1\kerogen_bulk0p1_to0p8_then_graphene_pull_v1\00_INPUT\kero_ATP.itp,PASS
kero_H183,kerogen,PASS,PASS,0.25,0.12552,F:\MD\kerogen_bulk0p1_to0p8_then_graphene_pull_v1\kerogen_bulk0p1_to0p8_then_graphene_pull_v1\00_INPUT\kero_ATP.itp,PASS
kero_H184,kerogen,PASS,PASS,0.25,0.12552,F:\MD\kerogen_bulk0p1_to0p8_then_graphene_pull_v1\kerogen_bulk0p1_to0p8_then_graphene_pull_v1\00_INPUT\kero_ATP.itp,PASS
kero_H186,kerogen,PASS,PASS,0.25,0.12552,F:\MD\kerogen_bulk0p1_to0p8_then_graphene_pull_v1\kerogen_bulk0p1_to0p8_then_graphene_pull_v1\00_INPUT\kero_ATP.itp,PASS
kero_H187,kerogen,PASS,PASS,0.25,0.12552,F:\MD\kerogen_bulk0p1_to0p8_then_graphene_pull_v1\kerogen_bulk0p1_to0p8_then_graphene_pull_v1\00_INPUT\kero_ATP.itp,PASS
kero_H189,kerogen,PASS,PASS,0.242,0.12552,F:\MD\kerogen_bulk0p1_to0p8_then_graphene_pull_v1\kerogen_bulk0p1_to0p8_then_graphene_pull_v1\00_INPUT\kero_ATP.itp,PASS
kero_H18C,kerogen,PASS,PASS,0.25,0.12552,F:\MD\kerogen_bulk0p1_to0p8_then_graphene_pull_v1\kerogen_bulk0p1_to0p8_then_graphene_pull_v1\00_INPUT\kero_ATP.itp,PASS
kero_H18D,kerogen,PASS,PASS,0.25,0.12552,F:\MD\kerogen_bulk0p1_to0p8_then_graphene_pull_v1\kerogen_bulk0p1_to0p8_then_graphene_pull_v1\00_INPUT\kero_ATP.itp,PASS
kero_H18F,kerogen,PASS,PASS,0.25,0.12552,F:\MD\kerogen_bulk0p1_to0p8_then_graphene_pull_v1\kerogen_bulk0p1_to0p8_then_graphene_pull_v1\00_INPUT\kero_ATP.itp,PASS
kero_H190,kerogen,PASS,PASS,0.25,0.12552,F:\MD\kerogen_bulk0p1_to0p8_then_graphene_pull_v1\kerogen_bulk0p1_to0p8_then_graphene_pull_v1\00_INPUT\kero_ATP.itp,PASS
kero_H191,kerogen,PASS,PASS,0.25,0.12552,F:\MD\kerogen_bulk0p1_to0p8_then_graphene_pull_v1\kerogen_bulk0p1_to0p8_then_graphene_pull_v1\00_INPUT\kero_ATP.itp,PASS
kero_H193,kerogen,PASS,PASS,0.25,0.12552,F:\MD\kerogen_bulk0p1_to0p8_then_graphene_pull_v1\kerogen_bulk0p1_to0p8_then_graphene_pull_v1\00_INPUT\kero_ATP.itp,PASS
kero_H195,kerogen,PASS,PASS,0.25,0.12552,F:\MD\kerogen_bulk0p1_to0p8_then_graphene_pull_v1\kerogen_bulk0p1_to0p8_then_graphene_pull_v1\00_INPUT\kero_ATP.itp,PASS
kero_H19B,kerogen,PASS,PASS,0.25,0.12552,F:\MD\kerogen_bulk0p1_to0p8_then_graphene_pull_v1\kerogen_bulk0p1_to0p8_then_graphene_pull_v1\00_INPUT\kero_ATP.itp,PASS
kero_H19C,kerogen,PASS,PASS,0.25,0.12552,F:\MD\kerogen_bulk0p1_to0p8_then_graphene_pull_v1\kerogen_bulk0p1_to0p8_then_graphene_pull_v1\00_INPUT\kero_ATP.itp,PASS
kero_H19D,kerogen,PASS,PASS,0.25,0.12552,F:\MD\kerogen_bulk0p1_to0p8_then_graphene_pull_v1\kerogen_bulk0p1_to0p8_then_graphene_pull_v1\00_INPUT\kero_ATP.itp,PASS
kero_H19E,kerogen,PASS,PASS,0.25,0.12552,F:\MD\kerogen_bulk0p1_to0p8_then_graphene_pull_v1\kerogen_bulk0p1_to0p8_then_graphene_pull_v1\00_INPUT\kero_ATP.itp,PASS
kero_H19F,kerogen,PASS,PASS,0.25,0.12552,F:\MD\kerogen_bulk0p1_to0p8_then_graphene_pull_v1\kerogen_bulk0p1_to0p8_then_graphene_pull_v1\00_INPUT\kero_ATP.itp,PASS
kero_H1A0,kerogen,PASS,PASS,0.25,0.12552,F:\MD\kerogen_bulk0p1_to0p8_then_graphene_pull_v1\kerogen_bulk0p1_to0p8_then_graphene_pull_v1\00_INPUT\kero_ATP.itp,PASS
kero_H1A1,kerogen,PASS,PASS,0.25,0.12552,F:\MD\kerogen_bulk0p1_to0p8_then_graphene_pull_v1\kerogen_bulk0p1_to0p8_then_graphene_pull_v1\00_INPUT\kero_ATP.itp,PASS
kero_H1A3,kerogen,PASS,PASS,0.25,0.12552,F:\MD\kerogen_bulk0p1_to0p8_then_graphene_pull_v1\kerogen_bulk0p1_to0p8_then_graphene_pull_v1\00_INPUT\kero_ATP.itp,PASS
kero_H1A4,kerogen,PASS,PASS,0.25,0.12552,F:\MD\kerogen_bulk0p1_to0p8_then_graphene_pull_v1\kerogen_bulk0p1_to0p8_then_graphene_pull_v1\00_INPUT\kero_ATP.itp,PASS
kero_H1A5,kerogen,PASS,PASS,0.25,0.12552,F:\MD\kerogen_bulk0p1_to0p8_then_graphene_pull_v1\kerogen_bulk0p1_to0p8_then_graphene_pull_v1\00_INPUT\kero_ATP.itp,PASS
kero_H1A9,kerogen,PASS,PASS,0.25,0.12552,F:\MD\kerogen_bulk0p1_to0p8_then_graphene_pull_v1\kerogen_bulk0p1_to0p8_then_graphene_pull_v1\00_INPUT\kero_ATP.itp,PASS
kero_H1AA,kerogen,PASS,PASS,0.25,0.12552,F:\MD\kerogen_bulk0p1_to0p8_then_graphene_pull_v1\kerogen_bulk0p1_to0p8_then_graphene_pull_v1\00_INPUT\kero_ATP.itp,PASS
kero_H1AB,kerogen,PASS,PASS,0.25,0.12552,F:\MD\kerogen_bulk0p1_to0p8_then_graphene_pull_v1\kerogen_bulk0p1_to0p8_then_graphene_pull_v1\00_INPUT\kero_ATP.itp,PASS
kero_H1AC,kerogen,PASS,PASS,0.25,0.12552,F:\MD\kerogen_bulk0p1_to0p8_then_graphene_pull_v1\kerogen_bulk0p1_to0p8_then_graphene_pull_v1\00_INPUT\kero_ATP.itp,PASS
kero_H1AD,kerogen,PASS,PASS,0.25,0.12552,F:\MD\kerogen_bulk0p1_to0p8_then_graphene_pull_v1\kerogen_bulk0p1_to0p8_then_graphene_pull_v1\00_INPUT\kero_ATP.itp,PASS
kero_H1AF,kerogen,PASS,PASS,0.25,0.12552,F:\MD\kerogen_bulk0p1_to0p8_then_graphene_pull_v1\kerogen_bulk0p1_to0p8_then_graphene_pull_v1\00_INPUT\kero_ATP.itp,PASS
kero_H1B0,kerogen,PASS,PASS,0.25,0.12552,F:\MD\kerogen_bulk0p1_to0p8_then_graphene_pull_v1\kerogen_bulk0p1_to0p8_then_graphene_pull_v1\00_INPUT\kero_ATP.itp,PASS
kero_H1B2,kerogen,PASS,PASS,0.25,0.12552,F:\MD\kerogen_bulk0p1_to0p8_then_graphene_pull_v1\kerogen_bulk0p1_to0p8_then_graphene_pull_v1\00_INPUT\kero_ATP.itp,PASS
kero_H1B3,kerogen,PASS,PASS,0.25,0.12552,F:\MD\kerogen_bulk0p1_to0p8_then_graphene_pull_v1\kerogen_bulk0p1_to0p8_then_graphene_pull_v1\00_INPUT\kero_ATP.itp,PASS
kero_H1B5,kerogen,PASS,PASS,0.25,0.12552,F:\MD\kerogen_bulk0p1_to0p8_then_graphene_pull_v1\kerogen_bulk0p1_to0p8_then_graphene_pull_v1\00_INPUT\kero_ATP.itp,PASS
kero_H1B7,kerogen,PASS,PASS,0.25,0.12552,F:\MD\kerogen_bulk0p1_to0p8_then_graphene_pull_v1\kerogen_bulk0p1_to0p8_then_graphene_pull_v1\00_INPUT\kero_ATP.itp,PASS
kero_H1B8,kerogen,PASS,PASS,0.25,0.12552,F:\MD\kerogen_bulk0p1_to0p8_then_graphene_pull_v1\kerogen_bulk0p1_to0p8_then_graphene_pull_v1\00_INPUT\kero_ATP.itp,PASS
kero_H1B9,kerogen,PASS,PASS,0.25,0.12552,F:\MD\kerogen_bulk0p1_to0p8_then_graphene_pull_v1\kerogen_bulk0p1_to0p8_then_graphene_pull_v1\00_INPUT\kero_ATP.itp,PASS
kero_H1BB,kerogen,PASS,PASS,0.25,0.12552,F:\MD\kerogen_bulk0p1_to0p8_then_graphene_pull_v1\kerogen_bulk0p1_to0p8_then_graphene_pull_v1\00_INPUT\kero_ATP.itp,PASS
kero_H1BC,kerogen,PASS,PASS,0.25,0.12552,F:\MD\kerogen_bulk0p1_to0p8_then_graphene_pull_v1\kerogen_bulk0p1_to0p8_then_graphene_pull_v1\00_INPUT\kero_ATP.itp,PASS
kero_H1BE,kerogen,PASS,PASS,0.25,0.12552,F:\MD\kerogen_bulk0p1_to0p8_then_graphene_pull_v1\kerogen_bulk0p1_to0p8_then_graphene_pull_v1\00_INPUT\kero_ATP.itp,PASS
kero_H1BF,kerogen,PASS,PASS,0.25,0.12552,F:\MD\kerogen_bulk0p1_to0p8_then_graphene_pull_v1\kerogen_bulk0p1_to0p8_then_graphene_pull_v1\00_INPUT\kero_ATP.itp,PASS
kero_H1C2,kerogen,PASS,PASS,0.25,0.12552,F:\MD\kerogen_bulk0p1_to0p8_then_graphene_pull_v1\kerogen_bulk0p1_to0p8_then_graphene_pull_v1\00_INPUT\kero_ATP.itp,PASS
kero_H1C3,kerogen,PASS,PASS,0.25,0.12552,F:\MD\kerogen_bulk0p1_to0p8_then_graphene_pull_v1\kerogen_bulk0p1_to0p8_then_graphene_pull_v1\00_INPUT\kero_ATP.itp,PASS
kero_H1C4,kerogen,PASS,PASS,0.25,0.12552,F:\MD\kerogen_bulk0p1_to0p8_then_graphene_pull_v1\kerogen_bulk0p1_to0p8_then_graphene_pull_v1\00_INPUT\kero_ATP.itp,PASS
kero_H1C6,kerogen,PASS,PASS,0.25,0.12552,F:\MD\kerogen_bulk0p1_to0p8_then_graphene_pull_v1\kerogen_bulk0p1_to0p8_then_graphene_pull_v1\00_INPUT\kero_ATP.itp,PASS
kero_H1C7,kerogen,PASS,PASS,0.25,0.12552,F:\MD\kerogen_bulk0p1_to0p8_then_graphene_pull_v1\kerogen_bulk0p1_to0p8_then_graphene_pull_v1\00_INPUT\kero_ATP.itp,PASS
kero_H1C9,kerogen,PASS,PASS,0.25,0.12552,F:\MD\kerogen_bulk0p1_to0p8_then_graphene_pull_v1\kerogen_bulk0p1_to0p8_then_graphene_pull_v1\00_INPUT\kero_ATP.itp,PASS
kero_H1CA,kerogen,PASS,PASS,0.25,0.12552,F:\MD\kerogen_bulk0p1_to0p8_then_graphene_pull_v1\kerogen_bulk0p1_to0p8_then_graphene_pull_v1\00_INPUT\kero_ATP.itp,PASS
kero_H1CD,kerogen,PASS,PASS,0.25,0.12552,F:\MD\kerogen_bulk0p1_to0p8_then_graphene_pull_v1\kerogen_bulk0p1_to0p8_then_graphene_pull_v1\00_INPUT\kero_ATP.itp,PASS
kero_H1CE,kerogen,PASS,PASS,0.25,0.12552,F:\MD\kerogen_bulk0p1_to0p8_then_graphene_pull_v1\kerogen_bulk0p1_to0p8_then_graphene_pull_v1\00_INPUT\kero_ATP.itp,PASS
kero_H1CF,kerogen,PASS,PASS,0.25,0.12552,F:\MD\kerogen_bulk0p1_to0p8_then_graphene_pull_v1\kerogen_bulk0p1_to0p8_then_graphene_pull_v1\00_INPUT\kero_ATP.itp,PASS
kero_H1D0,kerogen,PASS,PASS,0.25,0.12552,F:\MD\kerogen_bulk0p1_to0p8_then_graphene_pull_v1\kerogen_bulk0p1_to0p8_then_graphene_pull_v1\00_INPUT\kero_ATP.itp,PASS
kero_H1D2,kerogen,PASS,PASS,0.25,0.12552,F:\MD\kerogen_bulk0p1_to0p8_then_graphene_pull_v1\kerogen_bulk0p1_to0p8_then_graphene_pull_v1\00_INPUT\kero_ATP.itp,PASS
kero_H1D3,kerogen,PASS,PASS,0.25,0.12552,F:\MD\kerogen_bulk0p1_to0p8_then_graphene_pull_v1\kerogen_bulk0p1_to0p8_then_graphene_pull_v1\00_INPUT\kero_ATP.itp,PASS
kero_H1D5,kerogen,PASS,PASS,0.25,0.12552,F:\MD\kerogen_bulk0p1_to0p8_then_graphene_pull_v1\kerogen_bulk0p1_to0p8_then_graphene_pull_v1\00_INPUT\kero_ATP.itp,PASS
kero_H1D6,kerogen,PASS,PASS,0.25,0.12552,F:\MD\kerogen_bulk0p1_to0p8_then_graphene_pull_v1\kerogen_bulk0p1_to0p8_then_graphene_pull_v1\00_INPUT\kero_ATP.itp,PASS
kero_H1D7,kerogen,PASS,PASS,0.25,0.12552,F:\MD\kerogen_bulk0p1_to0p8_then_graphene_pull_v1\kerogen_bulk0p1_to0p8_then_graphene_pull_v1\00_INPUT\kero_ATP.itp,PASS
kero_H1DA,kerogen,PASS,PASS,0,0,F:\MD\kerogen_bulk0p1_to0p8_then_graphene_pull_v1\kerogen_bulk0p1_to0p8_then_graphene_pull_v1\00_INPUT\kero_ATP.itp,PASS
kero_H1DC,kerogen,PASS,PASS,0.242,0.12552,F:\MD\kerogen_bulk0p1_to0p8_then_graphene_pull_v1\kerogen_bulk0p1_to0p8_then_graphene_pull_v1\00_INPUT\kero_ATP.itp,PASS
kero_H1DF,kerogen,PASS,PASS,0.242,0.12552,F:\MD\kerogen_bulk0p1_to0p8_then_graphene_pull_v1\kerogen_bulk0p1_to0p8_then_graphene_pull_v1\00_INPUT\kero_ATP.itp,PASS
kero_H1E0,kerogen,PASS,PASS,0.242,0.12552,F:\MD\kerogen_bulk0p1_to0p8_then_graphene_pull_v1\kerogen_bulk0p1_to0p8_then_graphene_pull_v1\00_INPUT\kero_ATP.itp,PASS
kero_H1E1,kerogen,PASS,PASS,0.242,0.12552,F:\MD\kerogen_bulk0p1_to0p8_then_graphene_pull_v1\kerogen_bulk0p1_to0p8_then_graphene_pull_v1\00_INPUT\kero_ATP.itp,PASS
kero_N012,kerogen,PASS,PASS,0.325,0.71128,F:\MD\kerogen_bulk0p1_to0p8_then_graphene_pull_v1\kerogen_bulk0p1_to0p8_then_graphene_pull_v1\00_INPUT\kero_ATP.itp,PASS
kero_N03F,kerogen,PASS,PASS,0.325,0.71128,F:\MD\kerogen_bulk0p1_to0p8_then_graphene_pull_v1\kerogen_bulk0p1_to0p8_then_graphene_pull_v1\00_INPUT\kero_ATP.itp,PASS
kero_N085,kerogen,PASS,PASS,0.325,0.71128,F:\MD\kerogen_bulk0p1_to0p8_then_graphene_pull_v1\kerogen_bulk0p1_to0p8_then_graphene_pull_v1\00_INPUT\kero_ATP.itp,PASS
kero_N0B3,kerogen,PASS,PASS,0.325,0.71128,F:\MD\kerogen_bulk0p1_to0p8_then_graphene_pull_v1\kerogen_bulk0p1_to0p8_then_graphene_pull_v1\00_INPUT\kero_ATP.itp,PASS
kero_N121,kerogen,PASS,PASS,0.325,0.71128,F:\MD\kerogen_bulk0p1_to0p8_then_graphene_pull_v1\kerogen_bulk0p1_to0p8_then_graphene_pull_v1\00_INPUT\kero_ATP.itp,PASS
kero_O048,kerogen,PASS,PASS,0.29,0.58576,F:\MD\kerogen_bulk0p1_to0p8_then_graphene_pull_v1\kerogen_bulk0p1_to0p8_then_graphene_pull_v1\00_INPUT\kero_ATP.itp,PASS
kero_O059,kerogen,PASS,PASS,0.29,0.58576,F:\MD\kerogen_bulk0p1_to0p8_then_graphene_pull_v1\kerogen_bulk0p1_to0p8_then_graphene_pull_v1\00_INPUT\kero_ATP.itp,PASS
kero_O096,kerogen,PASS,PASS,0.296,0.87864,F:\MD\kerogen_bulk0p1_to0p8_then_graphene_pull_v1\kerogen_bulk0p1_to0p8_then_graphene_pull_v1\00_INPUT\kero_ATP.itp,PASS
kero_O0CB,kerogen,PASS,PASS,0.29,0.58576,F:\MD\kerogen_bulk0p1_to0p8_then_graphene_pull_v1\kerogen_bulk0p1_to0p8_then_graphene_pull_v1\00_INPUT\kero_ATP.itp,PASS
kero_O0FC,kerogen,PASS,PASS,0.29,0.58576,F:\MD\kerogen_bulk0p1_to0p8_then_graphene_pull_v1\kerogen_bulk0p1_to0p8_then_graphene_pull_v1\00_INPUT\kero_ATP.itp,PASS
kero_O152,kerogen,PASS,PASS,0.29,0.58576,F:\MD\kerogen_bulk0p1_to0p8_then_graphene_pull_v1\kerogen_bulk0p1_to0p8_then_graphene_pull_v1\00_INPUT\kero_ATP.itp,PASS
kero_O185,kerogen,PASS,PASS,0.296,0.87864,F:\MD\kerogen_bulk0p1_to0p8_then_graphene_pull_v1\kerogen_bulk0p1_to0p8_then_graphene_pull_v1\00_INPUT\kero_ATP.itp,PASS
kero_O18A,kerogen,PASS,PASS,0.29,0.58576,F:\MD\kerogen_bulk0p1_to0p8_then_graphene_pull_v1\kerogen_bulk0p1_to0p8_then_graphene_pull_v1\00_INPUT\kero_ATP.itp,PASS
kero_O194,kerogen,PASS,PASS,0.29,0.58576,F:\MD\kerogen_bulk0p1_to0p8_then_graphene_pull_v1\kerogen_bulk0p1_to0p8_then_graphene_pull_v1\00_INPUT\kero_ATP.itp,PASS
kero_O1A6,kerogen,PASS,PASS,0.29,0.58576,F:\MD\kerogen_bulk0p1_to0p8_then_graphene_pull_v1\kerogen_bulk0p1_to0p8_then_graphene_pull_v1\00_INPUT\kero_ATP.itp,PASS
kero_O1C0,kerogen,PASS,PASS,0.29,0.58576,F:\MD\kerogen_bulk0p1_to0p8_then_graphene_pull_v1\kerogen_bulk0p1_to0p8_then_graphene_pull_v1\00_INPUT\kero_ATP.itp,PASS
kero_O1D8,kerogen,PASS,PASS,0.3,0.71128,F:\MD\kerogen_bulk0p1_to0p8_then_graphene_pull_v1\kerogen_bulk0p1_to0p8_then_graphene_pull_v1\00_INPUT\kero_ATP.itp,PASS
kero_O1D9,kerogen,PASS,PASS,0.296,0.87864,F:\MD\kerogen_bulk0p1_to0p8_then_graphene_pull_v1\kerogen_bulk0p1_to0p8_then_graphene_pull_v1\00_INPUT\kero_ATP.itp,PASS
kero_S070,kerogen,PASS,PASS,0.36,1.48532,F:\MD\kerogen_bulk0p1_to0p8_then_graphene_pull_v1\kerogen_bulk0p1_to0p8_then_graphene_pull_v1\00_INPUT\kero_ATP.itp,PASS
kero_S10C,kerogen,PASS,PASS,0.355,1.046,F:\MD\kerogen_bulk0p1_to0p8_then_graphene_pull_v1\kerogen_bulk0p1_to0p8_then_graphene_pull_v1\00_INPUT\kero_ATP.itp,PASS
H2O_OW,water,PASS,PASS,0.316557,0.650194,F:\gromacs some software\gmx2018.8\share\gromacs\top\oplsaa.ff\ffnonbonded.itp,PASS
H2O_HW1,water,PASS,PASS,0,0,F:\gromacs some software\gmx2018.8\share\gromacs\top\oplsaa.ff\ffnonbonded.itp,PASS
H2O_HW2,water,PASS,PASS,0,0,F:\gromacs some software\gmx2018.8\share\gromacs\top\oplsaa.ff\ffnonbonded.itp,PASS
